/Users/oyama/Desktop/IMG/center_2017_08_15_00_00_22_202.jpg,/Users/oyama/Desktop/IMG/left_2017_08_15_00_00_22_202.jpg,/Users/oyama/Desktop/IMG/right_2017_08_15_00_00_22_202.jpg,0,0,0,1.044318E-06
/Users/oyama/Desktop/IMG/center_2017_08_15_00_00_22_267.jpg,/Users/oyama/Desktop/IMG/left_2017_08_15_00_00_22_267.jpg,/Users/oyama/Desktop/IMG/right_2017_08_15_00_00_22_267.jpg,0,0,0,3.170659E-06
/Users/oyama/Desktop/IMG/center_2017_08_15_00_00_22_347.jpg,/Users/oyama/Desktop/IMG/left_2017_08_15_00_00_22_347.jpg,/Users/oyama/Desktop/IMG/right_2017_08_15_00_00_22_347.jpg,0,0,0,2.240758E-06
/Users/oyama/Desktop/IMG/center_2017_08_15_00_00_22_439.jpg,/Users/oyama/Desktop/IMG/left_2017_08_15_00_00_22_439.jpg,/Users/oyama/Desktop/IMG/right_2017_08_15_00_00_22_439.jpg,0,0,0,7.635082E-07
/Users/oyama/Desktop/IMG/center_2017_08_15_00_00_22_519.jpg,/Users/oyama/Desktop/IMG/left_2017_08_15_00_00_22_519.jpg,/Users/oyama/Desktop/IMG/right_2017_08_15_00_00_22_519.jpg,0,0,0,5.393028E-07
/Users/oyama/Desktop/IMG/center_2017_08_15_00_00_22_606.jpg,/Users/oyama/Desktop/IMG/left_2017_08_15_00_00_22_606.jpg,/Users/oyama/Desktop/IMG/right_2017_08_15_00_00_22_606.jpg,0,0,0,3.027435E-06
/Users/oyama/Desktop/IMG/center_2017_08_15_00_00_22_680.jpg,/Users/oyama/Desktop/IMG/left_2017_08_15_00_00_22_680.jpg,/Users/oyama/Desktop/IMG/right_2017_08_15_00_00_22_680.jpg,0,0,0,2.629255E-06
/Users/oyama/Desktop/IMG/center_2017_08_15_00_00_22_758.jpg,/Users/oyama/Desktop/IMG/left_2017_08_15_00_00_22_758.jpg,/Users/oyama/Desktop/IMG/right_2017_08_15_00_00_22_758.jpg,0,0,0,5.488399E-07
/Users/oyama/Desktop/IMG/center_2017_08_15_00_00_22_838.jpg,/Users/oyama/Desktop/IMG/left_2017_08_15_00_00_22_838.jpg,/Users/oyama/Desktop/IMG/right_2017_08_15_00_00_22_838.jpg,0,0,0,1.320284E-06
/Users/oyama/Desktop/IMG/center_2017_08_15_00_00_22_913.jpg,/Users/oyama/Desktop/IMG/left_2017_08_15_00_00_22_913.jpg,/Users/oyama/Desktop/IMG/right_2017_08_15_00_00_22_913.jpg,0,0,0,4.035456E-07
/Users/oyama/Desktop/IMG/center_2017_08_15_00_00_23_042.jpg,/Users/oyama/Desktop/IMG/left_2017_08_15_00_00_23_042.jpg,/Users/oyama/Desktop/IMG/right_2017_08_15_00_00_23_042.jpg,0,0,0,2.907307E-06
/Users/oyama/Desktop/IMG/center_2017_08_15_00_00_23_115.jpg,/Users/oyama/Desktop/IMG/left_2017_08_15_00_00_23_115.jpg,/Users/oyama/Desktop/IMG/right_2017_08_15_00_00_23_115.jpg,0,0,0,1.511464E-06
/Users/oyama/Desktop/IMG/center_2017_08_15_00_00_23_193.jpg,/Users/oyama/Desktop/IMG/left_2017_08_15_00_00_23_193.jpg,/Users/oyama/Desktop/IMG/right_2017_08_15_00_00_23_193.jpg,0,0,0,2.040295E-06
/Users/oyama/Desktop/IMG/center_2017_08_15_00_00_23_273.jpg,/Users/oyama/Desktop/IMG/left_2017_08_15_00_00_23_273.jpg,/Users/oyama/Desktop/IMG/right_2017_08_15_00_00_23_273.jpg,0,0,0,5.098792E-06
/Users/oyama/Desktop/IMG/center_2017_08_15_00_00_23_345.jpg,/Users/oyama/Desktop/IMG/left_2017_08_15_00_00_23_345.jpg,/Users/oyama/Desktop/IMG/right_2017_08_15_00_00_23_345.jpg,0,0,0,3.169704E-06
/Users/oyama/Desktop/IMG/center_2017_08_15_00_00_23_420.jpg,/Users/oyama/Desktop/IMG/left_2017_08_15_00_00_23_420.jpg,/Users/oyama/Desktop/IMG/right_2017_08_15_00_00_23_420.jpg,0,0,0,1.188512E-06
/Users/oyama/Desktop/IMG/center_2017_08_15_00_00_23_505.jpg,/Users/oyama/Desktop/IMG/left_2017_08_15_00_00_23_505.jpg,/Users/oyama/Desktop/IMG/right_2017_08_15_00_00_23_505.jpg,0,0.1301191,0,0.05106052
/Users/oyama/Desktop/IMG/center_2017_08_15_00_00_23_588.jpg,/Users/oyama/Desktop/IMG/left_2017_08_15_00_00_23_588.jpg,/Users/oyama/Desktop/IMG/right_2017_08_15_00_00_23_588.jpg,0,0.369465,0,0.3196869
/Users/oyama/Desktop/IMG/center_2017_08_15_00_00_23_663.jpg,/Users/oyama/Desktop/IMG/left_2017_08_15_00_00_23_663.jpg,/Users/oyama/Desktop/IMG/right_2017_08_15_00_00_23_663.jpg,0,0.594321,0,0.7569823
/Users/oyama/Desktop/IMG/center_2017_08_15_00_00_23_746.jpg,/Users/oyama/Desktop/IMG/left_2017_08_15_00_00_23_746.jpg,/Users/oyama/Desktop/IMG/right_2017_08_15_00_00_23_746.jpg,0,0.853674,0,1.46123
/Users/oyama/Desktop/IMG/center_2017_08_15_00_00_23_827.jpg,/Users/oyama/Desktop/IMG/left_2017_08_15_00_00_23_827.jpg,/Users/oyama/Desktop/IMG/right_2017_08_15_00_00_23_827.jpg,0,1,0,2.32682
/Users/oyama/Desktop/IMG/center_2017_08_15_00_00_23_894.jpg,/Users/oyama/Desktop/IMG/left_2017_08_15_00_00_23_894.jpg,/Users/oyama/Desktop/IMG/right_2017_08_15_00_00_23_894.jpg,0,1,0,3.24998
/Users/oyama/Desktop/IMG/center_2017_08_15_00_00_23_991.jpg,/Users/oyama/Desktop/IMG/left_2017_08_15_00_00_23_991.jpg,/Users/oyama/Desktop/IMG/right_2017_08_15_00_00_23_991.jpg,0,1,0,4.189913
/Users/oyama/Desktop/IMG/center_2017_08_15_00_00_24_071.jpg,/Users/oyama/Desktop/IMG/left_2017_08_15_00_00_24_071.jpg,/Users/oyama/Desktop/IMG/right_2017_08_15_00_00_24_071.jpg,0,1,0,5.121893
/Users/oyama/Desktop/IMG/center_2017_08_15_00_00_24_153.jpg,/Users/oyama/Desktop/IMG/left_2017_08_15_00_00_24_153.jpg,/Users/oyama/Desktop/IMG/right_2017_08_15_00_00_24_153.jpg,0,1,0,6.276772
/Users/oyama/Desktop/IMG/center_2017_08_15_00_00_24_252.jpg,/Users/oyama/Desktop/IMG/left_2017_08_15_00_00_24_252.jpg,/Users/oyama/Desktop/IMG/right_2017_08_15_00_00_24_252.jpg,0,1,0,7.192608
/Users/oyama/Desktop/IMG/center_2017_08_15_00_00_24_321.jpg,/Users/oyama/Desktop/IMG/left_2017_08_15_00_00_24_321.jpg,/Users/oyama/Desktop/IMG/right_2017_08_15_00_00_24_321.jpg,0,1,0,8.101326
/Users/oyama/Desktop/IMG/center_2017_08_15_00_00_24_401.jpg,/Users/oyama/Desktop/IMG/left_2017_08_15_00_00_24_401.jpg,/Users/oyama/Desktop/IMG/right_2017_08_15_00_00_24_401.jpg,0,1,0,9.002981
/Users/oyama/Desktop/IMG/center_2017_08_15_00_00_24_475.jpg,/Users/oyama/Desktop/IMG/left_2017_08_15_00_00_24_475.jpg,/Users/oyama/Desktop/IMG/right_2017_08_15_00_00_24_475.jpg,0,1,0,9.89757
/Users/oyama/Desktop/IMG/center_2017_08_15_00_00_24_561.jpg,/Users/oyama/Desktop/IMG/left_2017_08_15_00_00_24_561.jpg,/Users/oyama/Desktop/IMG/right_2017_08_15_00_00_24_561.jpg,0,1,0,10.78512
/Users/oyama/Desktop/IMG/center_2017_08_15_00_00_24_642.jpg,/Users/oyama/Desktop/IMG/left_2017_08_15_00_00_24_642.jpg,/Users/oyama/Desktop/IMG/right_2017_08_15_00_00_24_642.jpg,0,1,0,11.49908
/Users/oyama/Desktop/IMG/center_2017_08_15_00_00_24_729.jpg,/Users/oyama/Desktop/IMG/left_2017_08_15_00_00_24_729.jpg,/Users/oyama/Desktop/IMG/right_2017_08_15_00_00_24_729.jpg,0,1,0,12.51863
/Users/oyama/Desktop/IMG/center_2017_08_15_00_00_24_803.jpg,/Users/oyama/Desktop/IMG/left_2017_08_15_00_00_24_803.jpg,/Users/oyama/Desktop/IMG/right_2017_08_15_00_00_24_803.jpg,0,1,0,13.34905
/Users/oyama/Desktop/IMG/center_2017_08_15_00_00_24_924.jpg,/Users/oyama/Desktop/IMG/left_2017_08_15_00_00_24_924.jpg,/Users/oyama/Desktop/IMG/right_2017_08_15_00_00_24_924.jpg,-0.15,1,0,14.58592
/Users/oyama/Desktop/IMG/center_2017_08_15_00_00_24_991.jpg,/Users/oyama/Desktop/IMG/left_2017_08_15_00_00_24_991.jpg,/Users/oyama/Desktop/IMG/right_2017_08_15_00_00_24_991.jpg,-0.3,1,0,15.38931
/Users/oyama/Desktop/IMG/center_2017_08_15_00_00_25_086.jpg,/Users/oyama/Desktop/IMG/left_2017_08_15_00_00_25_086.jpg,/Users/oyama/Desktop/IMG/right_2017_08_15_00_00_25_086.jpg,-0.2670239,1,0,16.1726
/Users/oyama/Desktop/IMG/center_2017_08_15_00_00_25_157.jpg,/Users/oyama/Desktop/IMG/left_2017_08_15_00_00_25_157.jpg,/Users/oyama/Desktop/IMG/right_2017_08_15_00_00_25_157.jpg,-0.05459082,1,0,17.02375
/Users/oyama/Desktop/IMG/center_2017_08_15_00_00_25_230.jpg,/Users/oyama/Desktop/IMG/left_2017_08_15_00_00_25_230.jpg,/Users/oyama/Desktop/IMG/right_2017_08_15_00_00_25_230.jpg,0,1,0,17.84187
/Users/oyama/Desktop/IMG/center_2017_08_15_00_00_25_307.jpg,/Users/oyama/Desktop/IMG/left_2017_08_15_00_00_25_307.jpg,/Users/oyama/Desktop/IMG/right_2017_08_15_00_00_25_307.jpg,0,1,0,18.65167
/Users/oyama/Desktop/IMG/center_2017_08_15_00_00_25_376.jpg,/Users/oyama/Desktop/IMG/left_2017_08_15_00_00_25_376.jpg,/Users/oyama/Desktop/IMG/right_2017_08_15_00_00_25_376.jpg,0,1,0,19.45615
/Users/oyama/Desktop/IMG/center_2017_08_15_00_00_25_453.jpg,/Users/oyama/Desktop/IMG/left_2017_08_15_00_00_25_453.jpg,/Users/oyama/Desktop/IMG/right_2017_08_15_00_00_25_453.jpg,0,1,0,20.25522
/Users/oyama/Desktop/IMG/center_2017_08_15_00_00_25_526.jpg,/Users/oyama/Desktop/IMG/left_2017_08_15_00_00_25_526.jpg,/Users/oyama/Desktop/IMG/right_2017_08_15_00_00_25_526.jpg,0,1,0,20.76178
/Users/oyama/Desktop/IMG/center_2017_08_15_00_00_25_596.jpg,/Users/oyama/Desktop/IMG/left_2017_08_15_00_00_25_596.jpg,/Users/oyama/Desktop/IMG/right_2017_08_15_00_00_25_596.jpg,-0.2,1,0,21.55922
/Users/oyama/Desktop/IMG/center_2017_08_15_00_00_25_670.jpg,/Users/oyama/Desktop/IMG/left_2017_08_15_00_00_25_670.jpg,/Users/oyama/Desktop/IMG/right_2017_08_15_00_00_25_670.jpg,-0.35,1,0,22.15462
/Users/oyama/Desktop/IMG/center_2017_08_15_00_00_25_758.jpg,/Users/oyama/Desktop/IMG/left_2017_08_15_00_00_25_758.jpg,/Users/oyama/Desktop/IMG/right_2017_08_15_00_00_25_758.jpg,-0.6000001,1,0,22.93955
/Users/oyama/Desktop/IMG/center_2017_08_15_00_00_25_830.jpg,/Users/oyama/Desktop/IMG/left_2017_08_15_00_00_25_830.jpg,/Users/oyama/Desktop/IMG/right_2017_08_15_00_00_25_830.jpg,-0.7500002,1,0,23.375
/Users/oyama/Desktop/IMG/center_2017_08_15_00_00_25_909.jpg,/Users/oyama/Desktop/IMG/left_2017_08_15_00_00_25_909.jpg,/Users/oyama/Desktop/IMG/right_2017_08_15_00_00_25_909.jpg,-0.9500002,1,0,23.86774
/Users/oyama/Desktop/IMG/center_2017_08_15_00_00_25_986.jpg,/Users/oyama/Desktop/IMG/left_2017_08_15_00_00_25_986.jpg,/Users/oyama/Desktop/IMG/right_2017_08_15_00_00_25_986.jpg,-1,1,0,24.36559
/Users/oyama/Desktop/IMG/center_2017_08_15_00_00_26_411.jpg,/Users/oyama/Desktop/IMG/left_2017_08_15_00_00_26_411.jpg,/Users/oyama/Desktop/IMG/right_2017_08_15_00_00_26_411.jpg,0,1,0,27.79247
/Users/oyama/Desktop/IMG/center_2017_08_15_00_00_26_513.jpg,/Users/oyama/Desktop/IMG/left_2017_08_15_00_00_26_513.jpg,/Users/oyama/Desktop/IMG/right_2017_08_15_00_00_26_513.jpg,0,1,0,28.72206
/Users/oyama/Desktop/IMG/center_2017_08_15_00_00_26_582.jpg,/Users/oyama/Desktop/IMG/left_2017_08_15_00_00_26_582.jpg,/Users/oyama/Desktop/IMG/right_2017_08_15_00_00_26_582.jpg,0,1,0,29.4574
/Users/oyama/Desktop/IMG/center_2017_08_15_00_00_26_682.jpg,/Users/oyama/Desktop/IMG/left_2017_08_15_00_00_26_682.jpg,/Users/oyama/Desktop/IMG/right_2017_08_15_00_00_26_682.jpg,0,1,0,30.19239
/Users/oyama/Desktop/IMG/center_2017_08_15_00_00_26_749.jpg,/Users/oyama/Desktop/IMG/left_2017_08_15_00_00_26_749.jpg,/Users/oyama/Desktop/IMG/right_2017_08_15_00_00_26_749.jpg,0,1,0,30.19029
/Users/oyama/Desktop/IMG/center_2017_08_15_00_00_26_820.jpg,/Users/oyama/Desktop/IMG/left_2017_08_15_00_00_26_820.jpg,/Users/oyama/Desktop/IMG/right_2017_08_15_00_00_26_820.jpg,0,1,0,30.19077
/Users/oyama/Desktop/IMG/center_2017_08_15_00_00_26_903.jpg,/Users/oyama/Desktop/IMG/left_2017_08_15_00_00_26_903.jpg,/Users/oyama/Desktop/IMG/right_2017_08_15_00_00_26_903.jpg,0,1,0,30.19036
/Users/oyama/Desktop/IMG/center_2017_08_15_00_00_27_027.jpg,/Users/oyama/Desktop/IMG/left_2017_08_15_00_00_27_027.jpg,/Users/oyama/Desktop/IMG/right_2017_08_15_00_00_27_027.jpg,0,1,0,30.19029
/Users/oyama/Desktop/IMG/center_2017_08_15_00_00_27_120.jpg,/Users/oyama/Desktop/IMG/left_2017_08_15_00_00_27_120.jpg,/Users/oyama/Desktop/IMG/right_2017_08_15_00_00_27_120.jpg,0,1,0,30.1903
/Users/oyama/Desktop/IMG/center_2017_08_15_00_00_27_193.jpg,/Users/oyama/Desktop/IMG/left_2017_08_15_00_00_27_193.jpg,/Users/oyama/Desktop/IMG/right_2017_08_15_00_00_27_193.jpg,0,1,0,30.1903
/Users/oyama/Desktop/IMG/center_2017_08_15_00_00_27_266.jpg,/Users/oyama/Desktop/IMG/left_2017_08_15_00_00_27_266.jpg,/Users/oyama/Desktop/IMG/right_2017_08_15_00_00_27_266.jpg,0,1,0,30.19031
/Users/oyama/Desktop/IMG/center_2017_08_15_00_00_27_333.jpg,/Users/oyama/Desktop/IMG/left_2017_08_15_00_00_27_333.jpg,/Users/oyama/Desktop/IMG/right_2017_08_15_00_00_27_333.jpg,0,1,0,30.19067
/Users/oyama/Desktop/IMG/center_2017_08_15_00_00_27_400.jpg,/Users/oyama/Desktop/IMG/left_2017_08_15_00_00_27_400.jpg,/Users/oyama/Desktop/IMG/right_2017_08_15_00_00_27_400.jpg,0,1,0,30.19037
/Users/oyama/Desktop/IMG/center_2017_08_15_00_00_27_469.jpg,/Users/oyama/Desktop/IMG/left_2017_08_15_00_00_27_469.jpg,/Users/oyama/Desktop/IMG/right_2017_08_15_00_00_27_469.jpg,0,1,0,30.19033
/Users/oyama/Desktop/IMG/center_2017_08_15_00_00_27_544.jpg,/Users/oyama/Desktop/IMG/left_2017_08_15_00_00_27_544.jpg,/Users/oyama/Desktop/IMG/right_2017_08_15_00_00_27_544.jpg,0,1,0,30.19016
/Users/oyama/Desktop/IMG/center_2017_08_15_00_00_27_614.jpg,/Users/oyama/Desktop/IMG/left_2017_08_15_00_00_27_614.jpg,/Users/oyama/Desktop/IMG/right_2017_08_15_00_00_27_614.jpg,0,1,0,30.1903
/Users/oyama/Desktop/IMG/center_2017_08_15_00_00_27_682.jpg,/Users/oyama/Desktop/IMG/left_2017_08_15_00_00_27_682.jpg,/Users/oyama/Desktop/IMG/right_2017_08_15_00_00_27_682.jpg,0,1,0,30.19029
/Users/oyama/Desktop/IMG/center_2017_08_15_00_00_27_759.jpg,/Users/oyama/Desktop/IMG/left_2017_08_15_00_00_27_759.jpg,/Users/oyama/Desktop/IMG/right_2017_08_15_00_00_27_759.jpg,0,1,0,30.1903
/Users/oyama/Desktop/IMG/center_2017_08_15_00_00_27_835.jpg,/Users/oyama/Desktop/IMG/left_2017_08_15_00_00_27_835.jpg,/Users/oyama/Desktop/IMG/right_2017_08_15_00_00_27_835.jpg,0,1,0,30.1903
/Users/oyama/Desktop/IMG/center_2017_08_15_00_00_27_902.jpg,/Users/oyama/Desktop/IMG/left_2017_08_15_00_00_27_902.jpg,/Users/oyama/Desktop/IMG/right_2017_08_15_00_00_27_902.jpg,0,1,0,30.1903
/Users/oyama/Desktop/IMG/center_2017_08_15_00_00_28_002.jpg,/Users/oyama/Desktop/IMG/left_2017_08_15_00_00_28_002.jpg,/Users/oyama/Desktop/IMG/right_2017_08_15_00_00_28_002.jpg,0,1,0,30.19031
/Users/oyama/Desktop/IMG/center_2017_08_15_00_00_28_121.jpg,/Users/oyama/Desktop/IMG/left_2017_08_15_00_00_28_121.jpg,/Users/oyama/Desktop/IMG/right_2017_08_15_00_00_28_121.jpg,-0.3,1,0,30.16932
/Users/oyama/Desktop/IMG/center_2017_08_15_00_00_28_204.jpg,/Users/oyama/Desktop/IMG/left_2017_08_15_00_00_28_204.jpg,/Users/oyama/Desktop/IMG/right_2017_08_15_00_00_28_204.jpg,-0.5000001,1,0,30.14538
/Users/oyama/Desktop/IMG/center_2017_08_15_00_00_28_280.jpg,/Users/oyama/Desktop/IMG/left_2017_08_15_00_00_28_280.jpg,/Users/oyama/Desktop/IMG/right_2017_08_15_00_00_28_280.jpg,-0.7,1,0,30.12132
/Users/oyama/Desktop/IMG/center_2017_08_15_00_00_28_347.jpg,/Users/oyama/Desktop/IMG/left_2017_08_15_00_00_28_347.jpg,/Users/oyama/Desktop/IMG/right_2017_08_15_00_00_28_347.jpg,-0.7673939,1,0,30.12428
/Users/oyama/Desktop/IMG/center_2017_08_15_00_00_28_432.jpg,/Users/oyama/Desktop/IMG/left_2017_08_15_00_00_28_432.jpg,/Users/oyama/Desktop/IMG/right_2017_08_15_00_00_28_432.jpg,-0.511503,1,0,30.19097
/Users/oyama/Desktop/IMG/center_2017_08_15_00_00_28_513.jpg,/Users/oyama/Desktop/IMG/left_2017_08_15_00_00_28_513.jpg,/Users/oyama/Desktop/IMG/right_2017_08_15_00_00_28_513.jpg,-0.2701739,1,0,30.19761
/Users/oyama/Desktop/IMG/center_2017_08_15_00_00_28_601.jpg,/Users/oyama/Desktop/IMG/left_2017_08_15_00_00_28_601.jpg,/Users/oyama/Desktop/IMG/right_2017_08_15_00_00_28_601.jpg,-0.004217863,1,0,30.18717
/Users/oyama/Desktop/IMG/center_2017_08_15_00_00_28_672.jpg,/Users/oyama/Desktop/IMG/left_2017_08_15_00_00_28_672.jpg,/Users/oyama/Desktop/IMG/right_2017_08_15_00_00_28_672.jpg,0,1,0,30.18758
/Users/oyama/Desktop/IMG/center_2017_08_15_00_00_28_758.jpg,/Users/oyama/Desktop/IMG/left_2017_08_15_00_00_28_758.jpg,/Users/oyama/Desktop/IMG/right_2017_08_15_00_00_28_758.jpg,0,1,0,30.18927
/Users/oyama/Desktop/IMG/center_2017_08_15_00_00_28_836.jpg,/Users/oyama/Desktop/IMG/left_2017_08_15_00_00_28_836.jpg,/Users/oyama/Desktop/IMG/right_2017_08_15_00_00_28_836.jpg,0,1,0,30.18987
/Users/oyama/Desktop/IMG/center_2017_08_15_00_00_28_912.jpg,/Users/oyama/Desktop/IMG/left_2017_08_15_00_00_28_912.jpg,/Users/oyama/Desktop/IMG/right_2017_08_15_00_00_28_912.jpg,0,1,0,30.18793
/Users/oyama/Desktop/IMG/center_2017_08_15_00_00_29_002.jpg,/Users/oyama/Desktop/IMG/left_2017_08_15_00_00_29_002.jpg,/Users/oyama/Desktop/IMG/right_2017_08_15_00_00_29_002.jpg,0,1,0,30.1897
/Users/oyama/Desktop/IMG/center_2017_08_15_00_00_29_082.jpg,/Users/oyama/Desktop/IMG/left_2017_08_15_00_00_29_082.jpg,/Users/oyama/Desktop/IMG/right_2017_08_15_00_00_29_082.jpg,0,1,0,30.1896
/Users/oyama/Desktop/IMG/center_2017_08_15_00_00_29_172.jpg,/Users/oyama/Desktop/IMG/left_2017_08_15_00_00_29_172.jpg,/Users/oyama/Desktop/IMG/right_2017_08_15_00_00_29_172.jpg,0,1,0,30.18768
/Users/oyama/Desktop/IMG/center_2017_08_15_00_00_29_247.jpg,/Users/oyama/Desktop/IMG/left_2017_08_15_00_00_29_247.jpg,/Users/oyama/Desktop/IMG/right_2017_08_15_00_00_29_247.jpg,0,1,0,30.18729
/Users/oyama/Desktop/IMG/center_2017_08_15_00_00_29_334.jpg,/Users/oyama/Desktop/IMG/left_2017_08_15_00_00_29_334.jpg,/Users/oyama/Desktop/IMG/right_2017_08_15_00_00_29_334.jpg,0,1,0,30.18884
/Users/oyama/Desktop/IMG/center_2017_08_15_00_00_29_417.jpg,/Users/oyama/Desktop/IMG/left_2017_08_15_00_00_29_417.jpg,/Users/oyama/Desktop/IMG/right_2017_08_15_00_00_29_417.jpg,0,1,0,30.18893
/Users/oyama/Desktop/IMG/center_2017_08_15_00_00_29_511.jpg,/Users/oyama/Desktop/IMG/left_2017_08_15_00_00_29_511.jpg,/Users/oyama/Desktop/IMG/right_2017_08_15_00_00_29_511.jpg,0,1,0,30.18807
/Users/oyama/Desktop/IMG/center_2017_08_15_00_00_29_589.jpg,/Users/oyama/Desktop/IMG/left_2017_08_15_00_00_29_589.jpg,/Users/oyama/Desktop/IMG/right_2017_08_15_00_00_29_589.jpg,0,1,0,30.18917
/Users/oyama/Desktop/IMG/center_2017_08_15_00_00_29_676.jpg,/Users/oyama/Desktop/IMG/left_2017_08_15_00_00_29_676.jpg,/Users/oyama/Desktop/IMG/right_2017_08_15_00_00_29_676.jpg,0.1,1,0,30.18462
/Users/oyama/Desktop/IMG/center_2017_08_15_00_00_29_762.jpg,/Users/oyama/Desktop/IMG/left_2017_08_15_00_00_29_762.jpg,/Users/oyama/Desktop/IMG/right_2017_08_15_00_00_29_762.jpg,0.35,1,0,30.225
/Users/oyama/Desktop/IMG/center_2017_08_15_00_00_29_835.jpg,/Users/oyama/Desktop/IMG/left_2017_08_15_00_00_29_835.jpg,/Users/oyama/Desktop/IMG/right_2017_08_15_00_00_29_835.jpg,0.5000001,1,0,30.15509
/Users/oyama/Desktop/IMG/center_2017_08_15_00_00_29_916.jpg,/Users/oyama/Desktop/IMG/left_2017_08_15_00_00_29_916.jpg,/Users/oyama/Desktop/IMG/right_2017_08_15_00_00_29_916.jpg,0.7335779,1,0,30.14349
/Users/oyama/Desktop/IMG/center_2017_08_15_00_00_29_990.jpg,/Users/oyama/Desktop/IMG/left_2017_08_15_00_00_29_990.jpg,/Users/oyama/Desktop/IMG/right_2017_08_15_00_00_29_990.jpg,0.515817,1,0,30.16081
/Users/oyama/Desktop/IMG/center_2017_08_15_00_00_30_066.jpg,/Users/oyama/Desktop/IMG/left_2017_08_15_00_00_30_066.jpg,/Users/oyama/Desktop/IMG/right_2017_08_15_00_00_30_066.jpg,0.2868059,1,0,30.18723
/Users/oyama/Desktop/IMG/center_2017_08_15_00_00_30_139.jpg,/Users/oyama/Desktop/IMG/left_2017_08_15_00_00_30_139.jpg,/Users/oyama/Desktop/IMG/right_2017_08_15_00_00_30_139.jpg,0.06768894,1,0,30.19591
/Users/oyama/Desktop/IMG/center_2017_08_15_00_00_30_209.jpg,/Users/oyama/Desktop/IMG/left_2017_08_15_00_00_30_209.jpg,/Users/oyama/Desktop/IMG/right_2017_08_15_00_00_30_209.jpg,0,1,0,30.18815
/Users/oyama/Desktop/IMG/center_2017_08_15_00_00_30_276.jpg,/Users/oyama/Desktop/IMG/left_2017_08_15_00_00_30_276.jpg,/Users/oyama/Desktop/IMG/right_2017_08_15_00_00_30_276.jpg,0,1,0,30.19246
/Users/oyama/Desktop/IMG/center_2017_08_15_00_00_30_359.jpg,/Users/oyama/Desktop/IMG/left_2017_08_15_00_00_30_359.jpg,/Users/oyama/Desktop/IMG/right_2017_08_15_00_00_30_359.jpg,0,1,0,30.18852
/Users/oyama/Desktop/IMG/center_2017_08_15_00_00_30_433.jpg,/Users/oyama/Desktop/IMG/left_2017_08_15_00_00_30_433.jpg,/Users/oyama/Desktop/IMG/right_2017_08_15_00_00_30_433.jpg,0,1,0,30.19094
/Users/oyama/Desktop/IMG/center_2017_08_15_00_00_30_514.jpg,/Users/oyama/Desktop/IMG/left_2017_08_15_00_00_30_514.jpg,/Users/oyama/Desktop/IMG/right_2017_08_15_00_00_30_514.jpg,-0.15,1,0,30.18414
/Users/oyama/Desktop/IMG/center_2017_08_15_00_00_30_581.jpg,/Users/oyama/Desktop/IMG/left_2017_08_15_00_00_30_581.jpg,/Users/oyama/Desktop/IMG/right_2017_08_15_00_00_30_581.jpg,-0.35,1,0,30.16272
/Users/oyama/Desktop/IMG/center_2017_08_15_00_00_30_658.jpg,/Users/oyama/Desktop/IMG/left_2017_08_15_00_00_30_658.jpg,/Users/oyama/Desktop/IMG/right_2017_08_15_00_00_30_658.jpg,-0.5500001,1,0,30.13932
/Users/oyama/Desktop/IMG/center_2017_08_15_00_00_30_735.jpg,/Users/oyama/Desktop/IMG/left_2017_08_15_00_00_30_735.jpg,/Users/oyama/Desktop/IMG/right_2017_08_15_00_00_30_735.jpg,-0.6133291,1,0,30.13762
/Users/oyama/Desktop/IMG/center_2017_08_15_00_00_30_803.jpg,/Users/oyama/Desktop/IMG/left_2017_08_15_00_00_30_803.jpg,/Users/oyama/Desktop/IMG/right_2017_08_15_00_00_30_803.jpg,-0.409782,1,0,30.18952
/Users/oyama/Desktop/IMG/center_2017_08_15_00_00_30_886.jpg,/Users/oyama/Desktop/IMG/left_2017_08_15_00_00_30_886.jpg,/Users/oyama/Desktop/IMG/right_2017_08_15_00_00_30_886.jpg,-0.1608871,1,0,30.19444
/Users/oyama/Desktop/IMG/center_2017_08_15_00_00_30_971.jpg,/Users/oyama/Desktop/IMG/left_2017_08_15_00_00_30_971.jpg,/Users/oyama/Desktop/IMG/right_2017_08_15_00_00_30_971.jpg,0,1,0,30.18501
/Users/oyama/Desktop/IMG/center_2017_08_15_00_00_31_040.jpg,/Users/oyama/Desktop/IMG/left_2017_08_15_00_00_31_040.jpg,/Users/oyama/Desktop/IMG/right_2017_08_15_00_00_31_040.jpg,0,1,0,30.18958
/Users/oyama/Desktop/IMG/center_2017_08_15_00_00_31_109.jpg,/Users/oyama/Desktop/IMG/left_2017_08_15_00_00_31_109.jpg,/Users/oyama/Desktop/IMG/right_2017_08_15_00_00_31_109.jpg,0,1,0,30.18969
/Users/oyama/Desktop/IMG/center_2017_08_15_00_00_31_190.jpg,/Users/oyama/Desktop/IMG/left_2017_08_15_00_00_31_190.jpg,/Users/oyama/Desktop/IMG/right_2017_08_15_00_00_31_190.jpg,0,1,0,30.19131
/Users/oyama/Desktop/IMG/center_2017_08_15_00_00_31_278.jpg,/Users/oyama/Desktop/IMG/left_2017_08_15_00_00_31_278.jpg,/Users/oyama/Desktop/IMG/right_2017_08_15_00_00_31_278.jpg,0,1,0,30.18978
/Users/oyama/Desktop/IMG/center_2017_08_15_00_00_31_376.jpg,/Users/oyama/Desktop/IMG/left_2017_08_15_00_00_31_376.jpg,/Users/oyama/Desktop/IMG/right_2017_08_15_00_00_31_376.jpg,0,1,0,30.18993
/Users/oyama/Desktop/IMG/center_2017_08_15_00_00_31_480.jpg,/Users/oyama/Desktop/IMG/left_2017_08_15_00_00_31_480.jpg,/Users/oyama/Desktop/IMG/right_2017_08_15_00_00_31_480.jpg,0,1,0,30.18943
/Users/oyama/Desktop/IMG/center_2017_08_15_00_00_31_557.jpg,/Users/oyama/Desktop/IMG/left_2017_08_15_00_00_31_557.jpg,/Users/oyama/Desktop/IMG/right_2017_08_15_00_00_31_557.jpg,-0.15,1,0,30.18387
/Users/oyama/Desktop/IMG/center_2017_08_15_00_00_31_624.jpg,/Users/oyama/Desktop/IMG/left_2017_08_15_00_00_31_624.jpg,/Users/oyama/Desktop/IMG/right_2017_08_15_00_00_31_624.jpg,-0.35,1,0,30.16339
/Users/oyama/Desktop/IMG/center_2017_08_15_00_00_31_711.jpg,/Users/oyama/Desktop/IMG/left_2017_08_15_00_00_31_711.jpg,/Users/oyama/Desktop/IMG/right_2017_08_15_00_00_31_711.jpg,-0.5500001,1,0,30.13819
/Users/oyama/Desktop/IMG/center_2017_08_15_00_00_31_795.jpg,/Users/oyama/Desktop/IMG/left_2017_08_15_00_00_31_795.jpg,/Users/oyama/Desktop/IMG/right_2017_08_15_00_00_31_795.jpg,-0.7500002,1,0,30.11492
/Users/oyama/Desktop/IMG/center_2017_08_15_00_00_31_925.jpg,/Users/oyama/Desktop/IMG/left_2017_08_15_00_00_31_925.jpg,/Users/oyama/Desktop/IMG/right_2017_08_15_00_00_31_925.jpg,-0.7477838,1,0,30.15752
/Users/oyama/Desktop/IMG/center_2017_08_15_00_00_32_017.jpg,/Users/oyama/Desktop/IMG/left_2017_08_15_00_00_32_017.jpg,/Users/oyama/Desktop/IMG/right_2017_08_15_00_00_32_017.jpg,-0.4711869,1,0,30.20047
/Users/oyama/Desktop/IMG/center_2017_08_15_00_00_32_109.jpg,/Users/oyama/Desktop/IMG/left_2017_08_15_00_00_32_109.jpg,/Users/oyama/Desktop/IMG/right_2017_08_15_00_00_32_109.jpg,-0.193696,1,0,30.19597
/Users/oyama/Desktop/IMG/center_2017_08_15_00_00_32_191.jpg,/Users/oyama/Desktop/IMG/left_2017_08_15_00_00_32_191.jpg,/Users/oyama/Desktop/IMG/right_2017_08_15_00_00_32_191.jpg,-0.07908289,1,0,30.19067
/Users/oyama/Desktop/IMG/center_2017_08_15_00_00_32_293.jpg,/Users/oyama/Desktop/IMG/left_2017_08_15_00_00_32_293.jpg,/Users/oyama/Desktop/IMG/right_2017_08_15_00_00_32_293.jpg,-0.1219991,1,0,30.19292
/Users/oyama/Desktop/IMG/center_2017_08_15_00_00_32_364.jpg,/Users/oyama/Desktop/IMG/left_2017_08_15_00_00_32_364.jpg,/Users/oyama/Desktop/IMG/right_2017_08_15_00_00_32_364.jpg,0,1,0,30.18845
/Users/oyama/Desktop/IMG/center_2017_08_15_00_00_32_438.jpg,/Users/oyama/Desktop/IMG/left_2017_08_15_00_00_32_438.jpg,/Users/oyama/Desktop/IMG/right_2017_08_15_00_00_32_438.jpg,0,1,0,30.19003
/Users/oyama/Desktop/IMG/center_2017_08_15_00_00_32_533.jpg,/Users/oyama/Desktop/IMG/left_2017_08_15_00_00_32_533.jpg,/Users/oyama/Desktop/IMG/right_2017_08_15_00_00_32_533.jpg,0,1,0,30.19124
/Users/oyama/Desktop/IMG/center_2017_08_15_00_00_32_613.jpg,/Users/oyama/Desktop/IMG/left_2017_08_15_00_00_32_613.jpg,/Users/oyama/Desktop/IMG/right_2017_08_15_00_00_32_613.jpg,0,1,0,30.1889
/Users/oyama/Desktop/IMG/center_2017_08_15_00_00_32_694.jpg,/Users/oyama/Desktop/IMG/left_2017_08_15_00_00_32_694.jpg,/Users/oyama/Desktop/IMG/right_2017_08_15_00_00_32_694.jpg,0.1,1,0,30.18663
/Users/oyama/Desktop/IMG/center_2017_08_15_00_00_32_782.jpg,/Users/oyama/Desktop/IMG/left_2017_08_15_00_00_32_782.jpg,/Users/oyama/Desktop/IMG/right_2017_08_15_00_00_32_782.jpg,0.35,1,0,30.16017
/Users/oyama/Desktop/IMG/center_2017_08_15_00_00_32_858.jpg,/Users/oyama/Desktop/IMG/left_2017_08_15_00_00_32_858.jpg,/Users/oyama/Desktop/IMG/right_2017_08_15_00_00_32_858.jpg,0.5113801,1,0,30.14505
/Users/oyama/Desktop/IMG/center_2017_08_15_00_00_32_934.jpg,/Users/oyama/Desktop/IMG/left_2017_08_15_00_00_32_934.jpg,/Users/oyama/Desktop/IMG/right_2017_08_15_00_00_32_934.jpg,0.2840821,1,0,30.18953
/Users/oyama/Desktop/IMG/center_2017_08_15_00_00_33_023.jpg,/Users/oyama/Desktop/IMG/left_2017_08_15_00_00_33_023.jpg,/Users/oyama/Desktop/IMG/right_2017_08_15_00_00_33_023.jpg,0.01796114,1,0,30.18757
/Users/oyama/Desktop/IMG/center_2017_08_15_00_00_33_110.jpg,/Users/oyama/Desktop/IMG/left_2017_08_15_00_00_33_110.jpg,/Users/oyama/Desktop/IMG/right_2017_08_15_00_00_33_110.jpg,0,1,0,30.1888
/Users/oyama/Desktop/IMG/center_2017_08_15_00_00_33_186.jpg,/Users/oyama/Desktop/IMG/left_2017_08_15_00_00_33_186.jpg,/Users/oyama/Desktop/IMG/right_2017_08_15_00_00_33_186.jpg,0,1,0,30.18963
/Users/oyama/Desktop/IMG/center_2017_08_15_00_00_33_257.jpg,/Users/oyama/Desktop/IMG/left_2017_08_15_00_00_33_257.jpg,/Users/oyama/Desktop/IMG/right_2017_08_15_00_00_33_257.jpg,0,1,0,30.18877
/Users/oyama/Desktop/IMG/center_2017_08_15_00_00_33_327.jpg,/Users/oyama/Desktop/IMG/left_2017_08_15_00_00_33_327.jpg,/Users/oyama/Desktop/IMG/right_2017_08_15_00_00_33_327.jpg,0,1,0,30.18959
/Users/oyama/Desktop/IMG/center_2017_08_15_00_00_33_414.jpg,/Users/oyama/Desktop/IMG/left_2017_08_15_00_00_33_414.jpg,/Users/oyama/Desktop/IMG/right_2017_08_15_00_00_33_414.jpg,0,1,0,30.18966
/Users/oyama/Desktop/IMG/center_2017_08_15_00_00_33_491.jpg,/Users/oyama/Desktop/IMG/left_2017_08_15_00_00_33_491.jpg,/Users/oyama/Desktop/IMG/right_2017_08_15_00_00_33_491.jpg,0,1,0,30.18967
/Users/oyama/Desktop/IMG/center_2017_08_15_00_00_33_572.jpg,/Users/oyama/Desktop/IMG/left_2017_08_15_00_00_33_572.jpg,/Users/oyama/Desktop/IMG/right_2017_08_15_00_00_33_572.jpg,0,1,0,30.18977
/Users/oyama/Desktop/IMG/center_2017_08_15_00_00_33_660.jpg,/Users/oyama/Desktop/IMG/left_2017_08_15_00_00_33_660.jpg,/Users/oyama/Desktop/IMG/right_2017_08_15_00_00_33_660.jpg,0,1,0,30.18964
/Users/oyama/Desktop/IMG/center_2017_08_15_00_00_33_746.jpg,/Users/oyama/Desktop/IMG/left_2017_08_15_00_00_33_746.jpg,/Users/oyama/Desktop/IMG/right_2017_08_15_00_00_33_746.jpg,0,1,0,30.1888
/Users/oyama/Desktop/IMG/center_2017_08_15_00_00_33_819.jpg,/Users/oyama/Desktop/IMG/left_2017_08_15_00_00_33_819.jpg,/Users/oyama/Desktop/IMG/right_2017_08_15_00_00_33_819.jpg,0,1,0,30.1915
/Users/oyama/Desktop/IMG/center_2017_08_15_00_00_33_894.jpg,/Users/oyama/Desktop/IMG/left_2017_08_15_00_00_33_894.jpg,/Users/oyama/Desktop/IMG/right_2017_08_15_00_00_33_894.jpg,0,1,0,30.19082
/Users/oyama/Desktop/IMG/center_2017_08_15_00_00_33_961.jpg,/Users/oyama/Desktop/IMG/left_2017_08_15_00_00_33_961.jpg,/Users/oyama/Desktop/IMG/right_2017_08_15_00_00_33_961.jpg,0,1,0,30.18714
/Users/oyama/Desktop/IMG/center_2017_08_15_00_00_34_038.jpg,/Users/oyama/Desktop/IMG/left_2017_08_15_00_00_34_038.jpg,/Users/oyama/Desktop/IMG/right_2017_08_15_00_00_34_038.jpg,0,1,0,30.1917
/Users/oyama/Desktop/IMG/center_2017_08_15_00_00_34_112.jpg,/Users/oyama/Desktop/IMG/left_2017_08_15_00_00_34_112.jpg,/Users/oyama/Desktop/IMG/right_2017_08_15_00_00_34_112.jpg,0,1,0,30.1912
/Users/oyama/Desktop/IMG/center_2017_08_15_00_00_34_209.jpg,/Users/oyama/Desktop/IMG/left_2017_08_15_00_00_34_209.jpg,/Users/oyama/Desktop/IMG/right_2017_08_15_00_00_34_209.jpg,0,1,0,30.191
/Users/oyama/Desktop/IMG/center_2017_08_15_00_00_34_299.jpg,/Users/oyama/Desktop/IMG/left_2017_08_15_00_00_34_299.jpg,/Users/oyama/Desktop/IMG/right_2017_08_15_00_00_34_299.jpg,0,1,0,30.19082
/Users/oyama/Desktop/IMG/center_2017_08_15_00_00_34_406.jpg,/Users/oyama/Desktop/IMG/left_2017_08_15_00_00_34_406.jpg,/Users/oyama/Desktop/IMG/right_2017_08_15_00_00_34_406.jpg,0,1,0,30.19224
/Users/oyama/Desktop/IMG/center_2017_08_15_00_00_34_505.jpg,/Users/oyama/Desktop/IMG/left_2017_08_15_00_00_34_505.jpg,/Users/oyama/Desktop/IMG/right_2017_08_15_00_00_34_505.jpg,0,1,0,30.19059
/Users/oyama/Desktop/IMG/center_2017_08_15_00_00_34_590.jpg,/Users/oyama/Desktop/IMG/left_2017_08_15_00_00_34_590.jpg,/Users/oyama/Desktop/IMG/right_2017_08_15_00_00_34_590.jpg,0,1,0,30.19074
/Users/oyama/Desktop/IMG/center_2017_08_15_00_00_34_659.jpg,/Users/oyama/Desktop/IMG/left_2017_08_15_00_00_34_659.jpg,/Users/oyama/Desktop/IMG/right_2017_08_15_00_00_34_659.jpg,0,1,0,30.19024
/Users/oyama/Desktop/IMG/center_2017_08_15_00_00_34_728.jpg,/Users/oyama/Desktop/IMG/left_2017_08_15_00_00_34_728.jpg,/Users/oyama/Desktop/IMG/right_2017_08_15_00_00_34_728.jpg,0,1,0,30.19049
/Users/oyama/Desktop/IMG/center_2017_08_15_00_00_34_808.jpg,/Users/oyama/Desktop/IMG/left_2017_08_15_00_00_34_808.jpg,/Users/oyama/Desktop/IMG/right_2017_08_15_00_00_34_808.jpg,0,1,0,30.19072
/Users/oyama/Desktop/IMG/center_2017_08_15_00_00_34_895.jpg,/Users/oyama/Desktop/IMG/left_2017_08_15_00_00_34_895.jpg,/Users/oyama/Desktop/IMG/right_2017_08_15_00_00_34_895.jpg,0,1,0,30.19097
/Users/oyama/Desktop/IMG/center_2017_08_15_00_00_34_987.jpg,/Users/oyama/Desktop/IMG/left_2017_08_15_00_00_34_987.jpg,/Users/oyama/Desktop/IMG/right_2017_08_15_00_00_34_987.jpg,0,1,0,30.1909
/Users/oyama/Desktop/IMG/center_2017_08_15_00_00_35_059.jpg,/Users/oyama/Desktop/IMG/left_2017_08_15_00_00_35_059.jpg,/Users/oyama/Desktop/IMG/right_2017_08_15_00_00_35_059.jpg,0,1,0,30.19136
/Users/oyama/Desktop/IMG/center_2017_08_15_00_00_35_140.jpg,/Users/oyama/Desktop/IMG/left_2017_08_15_00_00_35_140.jpg,/Users/oyama/Desktop/IMG/right_2017_08_15_00_00_35_140.jpg,0,1,0,30.19102
/Users/oyama/Desktop/IMG/center_2017_08_15_00_00_35_212.jpg,/Users/oyama/Desktop/IMG/left_2017_08_15_00_00_35_212.jpg,/Users/oyama/Desktop/IMG/right_2017_08_15_00_00_35_212.jpg,0,1,0,30.19098
/Users/oyama/Desktop/IMG/center_2017_08_15_00_00_35_296.jpg,/Users/oyama/Desktop/IMG/left_2017_08_15_00_00_35_296.jpg,/Users/oyama/Desktop/IMG/right_2017_08_15_00_00_35_296.jpg,0,1,0,30.19228
/Users/oyama/Desktop/IMG/center_2017_08_15_00_00_35_364.jpg,/Users/oyama/Desktop/IMG/left_2017_08_15_00_00_35_364.jpg,/Users/oyama/Desktop/IMG/right_2017_08_15_00_00_35_364.jpg,0,1,0,30.19024
/Users/oyama/Desktop/IMG/center_2017_08_15_00_00_35_440.jpg,/Users/oyama/Desktop/IMG/left_2017_08_15_00_00_35_440.jpg,/Users/oyama/Desktop/IMG/right_2017_08_15_00_00_35_440.jpg,0,1,0,30.19053
/Users/oyama/Desktop/IMG/center_2017_08_15_00_00_35_544.jpg,/Users/oyama/Desktop/IMG/left_2017_08_15_00_00_35_544.jpg,/Users/oyama/Desktop/IMG/right_2017_08_15_00_00_35_544.jpg,0,1,0,30.1896
/Users/oyama/Desktop/IMG/center_2017_08_15_00_00_35_643.jpg,/Users/oyama/Desktop/IMG/left_2017_08_15_00_00_35_643.jpg,/Users/oyama/Desktop/IMG/right_2017_08_15_00_00_35_643.jpg,-0.1,1,0,30.18759
/Users/oyama/Desktop/IMG/center_2017_08_15_00_00_35_718.jpg,/Users/oyama/Desktop/IMG/left_2017_08_15_00_00_35_718.jpg,/Users/oyama/Desktop/IMG/right_2017_08_15_00_00_35_718.jpg,-0.3,1,0,30.16924
/Users/oyama/Desktop/IMG/center_2017_08_15_00_00_35_790.jpg,/Users/oyama/Desktop/IMG/left_2017_08_15_00_00_35_790.jpg,/Users/oyama/Desktop/IMG/right_2017_08_15_00_00_35_790.jpg,-0.3619321,1,0,30.16585
/Users/oyama/Desktop/IMG/center_2017_08_15_00_00_35_887.jpg,/Users/oyama/Desktop/IMG/left_2017_08_15_00_00_35_887.jpg,/Users/oyama/Desktop/IMG/right_2017_08_15_00_00_35_887.jpg,-0.07241106,1,0,30.18983
/Users/oyama/Desktop/IMG/center_2017_08_15_00_00_35_979.jpg,/Users/oyama/Desktop/IMG/left_2017_08_15_00_00_35_979.jpg,/Users/oyama/Desktop/IMG/right_2017_08_15_00_00_35_979.jpg,0,1,0,30.18965
/Users/oyama/Desktop/IMG/center_2017_08_15_00_00_36_085.jpg,/Users/oyama/Desktop/IMG/left_2017_08_15_00_00_36_085.jpg,/Users/oyama/Desktop/IMG/right_2017_08_15_00_00_36_085.jpg,0,1,0,30.1902
/Users/oyama/Desktop/IMG/center_2017_08_15_00_00_36_170.jpg,/Users/oyama/Desktop/IMG/left_2017_08_15_00_00_36_170.jpg,/Users/oyama/Desktop/IMG/right_2017_08_15_00_00_36_170.jpg,0,1,0,30.19028
/Users/oyama/Desktop/IMG/center_2017_08_15_00_00_36_237.jpg,/Users/oyama/Desktop/IMG/left_2017_08_15_00_00_36_237.jpg,/Users/oyama/Desktop/IMG/right_2017_08_15_00_00_36_237.jpg,0,1,0,30.1903
/Users/oyama/Desktop/IMG/center_2017_08_15_00_00_36_306.jpg,/Users/oyama/Desktop/IMG/left_2017_08_15_00_00_36_306.jpg,/Users/oyama/Desktop/IMG/right_2017_08_15_00_00_36_306.jpg,0,1,0,30.18918
/Users/oyama/Desktop/IMG/center_2017_08_15_00_00_36_389.jpg,/Users/oyama/Desktop/IMG/left_2017_08_15_00_00_36_389.jpg,/Users/oyama/Desktop/IMG/right_2017_08_15_00_00_36_389.jpg,-0.1,1,0,30.1874
/Users/oyama/Desktop/IMG/center_2017_08_15_00_00_36_475.jpg,/Users/oyama/Desktop/IMG/left_2017_08_15_00_00_36_475.jpg,/Users/oyama/Desktop/IMG/right_2017_08_15_00_00_36_475.jpg,-0.3,1,0,30.1709
/Users/oyama/Desktop/IMG/center_2017_08_15_00_00_36_543.jpg,/Users/oyama/Desktop/IMG/left_2017_08_15_00_00_36_543.jpg,/Users/oyama/Desktop/IMG/right_2017_08_15_00_00_36_543.jpg,-0.5000001,1,0,30.14523
/Users/oyama/Desktop/IMG/center_2017_08_15_00_00_36_612.jpg,/Users/oyama/Desktop/IMG/left_2017_08_15_00_00_36_612.jpg,/Users/oyama/Desktop/IMG/right_2017_08_15_00_00_36_612.jpg,-0.6500001,1,0,30.12751
/Users/oyama/Desktop/IMG/center_2017_08_15_00_00_36_697.jpg,/Users/oyama/Desktop/IMG/left_2017_08_15_00_00_36_697.jpg,/Users/oyama/Desktop/IMG/right_2017_08_15_00_00_36_697.jpg,-0.646461,1,0,30.14993
/Users/oyama/Desktop/IMG/center_2017_08_15_00_00_36_781.jpg,/Users/oyama/Desktop/IMG/left_2017_08_15_00_00_36_781.jpg,/Users/oyama/Desktop/IMG/right_2017_08_15_00_00_36_781.jpg,-0.393822,1,0,30.19925
/Users/oyama/Desktop/IMG/center_2017_08_15_00_00_36_849.jpg,/Users/oyama/Desktop/IMG/left_2017_08_15_00_00_36_849.jpg,/Users/oyama/Desktop/IMG/right_2017_08_15_00_00_36_849.jpg,-0.190371,1,0,30.19679
/Users/oyama/Desktop/IMG/center_2017_08_15_00_00_36_955.jpg,/Users/oyama/Desktop/IMG/left_2017_08_15_00_00_36_955.jpg,/Users/oyama/Desktop/IMG/right_2017_08_15_00_00_36_955.jpg,0,1,0,30.18812
/Users/oyama/Desktop/IMG/center_2017_08_15_00_00_37_039.jpg,/Users/oyama/Desktop/IMG/left_2017_08_15_00_00_37_039.jpg,/Users/oyama/Desktop/IMG/right_2017_08_15_00_00_37_039.jpg,0,1,0,30.18968
/Users/oyama/Desktop/IMG/center_2017_08_15_00_00_37_115.jpg,/Users/oyama/Desktop/IMG/left_2017_08_15_00_00_37_115.jpg,/Users/oyama/Desktop/IMG/right_2017_08_15_00_00_37_115.jpg,0,1,0,30.18985
/Users/oyama/Desktop/IMG/center_2017_08_15_00_00_37_197.jpg,/Users/oyama/Desktop/IMG/left_2017_08_15_00_00_37_197.jpg,/Users/oyama/Desktop/IMG/right_2017_08_15_00_00_37_197.jpg,0,1,0,30.19033
/Users/oyama/Desktop/IMG/center_2017_08_15_00_00_37_283.jpg,/Users/oyama/Desktop/IMG/left_2017_08_15_00_00_37_283.jpg,/Users/oyama/Desktop/IMG/right_2017_08_15_00_00_37_283.jpg,0.05,1,0,30.18963
/Users/oyama/Desktop/IMG/center_2017_08_15_00_00_37_367.jpg,/Users/oyama/Desktop/IMG/left_2017_08_15_00_00_37_367.jpg,/Users/oyama/Desktop/IMG/right_2017_08_15_00_00_37_367.jpg,0.25,1,0,30.17363
/Users/oyama/Desktop/IMG/center_2017_08_15_00_00_37_439.jpg,/Users/oyama/Desktop/IMG/left_2017_08_15_00_00_37_439.jpg,/Users/oyama/Desktop/IMG/right_2017_08_15_00_00_37_439.jpg,0.45,1,0,30.1512
/Users/oyama/Desktop/IMG/center_2017_08_15_00_00_37_510.jpg,/Users/oyama/Desktop/IMG/left_2017_08_15_00_00_37_510.jpg,/Users/oyama/Desktop/IMG/right_2017_08_15_00_00_37_510.jpg,0.6548612,1,0,30.12253
/Users/oyama/Desktop/IMG/center_2017_08_15_00_00_37_588.jpg,/Users/oyama/Desktop/IMG/left_2017_08_15_00_00_37_588.jpg,/Users/oyama/Desktop/IMG/right_2017_08_15_00_00_37_588.jpg,0.419616,1,0,30.18389
/Users/oyama/Desktop/IMG/center_2017_08_15_00_00_37_665.jpg,/Users/oyama/Desktop/IMG/left_2017_08_15_00_00_37_665.jpg,/Users/oyama/Desktop/IMG/right_2017_08_15_00_00_37_665.jpg,0.188268,1,0,30.19503
/Users/oyama/Desktop/IMG/center_2017_08_15_00_00_37_741.jpg,/Users/oyama/Desktop/IMG/left_2017_08_15_00_00_37_741.jpg,/Users/oyama/Desktop/IMG/right_2017_08_15_00_00_37_741.jpg,0,1,0,30.18641
/Users/oyama/Desktop/IMG/center_2017_08_15_00_00_37_814.jpg,/Users/oyama/Desktop/IMG/left_2017_08_15_00_00_37_814.jpg,/Users/oyama/Desktop/IMG/right_2017_08_15_00_00_37_814.jpg,0,1,0,30.18898
/Users/oyama/Desktop/IMG/center_2017_08_15_00_00_37_884.jpg,/Users/oyama/Desktop/IMG/left_2017_08_15_00_00_37_884.jpg,/Users/oyama/Desktop/IMG/right_2017_08_15_00_00_37_884.jpg,0,1,0,30.1903
/Users/oyama/Desktop/IMG/center_2017_08_15_00_00_37_961.jpg,/Users/oyama/Desktop/IMG/left_2017_08_15_00_00_37_961.jpg,/Users/oyama/Desktop/IMG/right_2017_08_15_00_00_37_961.jpg,0,1,0,30.19049
/Users/oyama/Desktop/IMG/center_2017_08_15_00_00_38_028.jpg,/Users/oyama/Desktop/IMG/left_2017_08_15_00_00_38_028.jpg,/Users/oyama/Desktop/IMG/right_2017_08_15_00_00_38_028.jpg,0,1,0,30.19054
/Users/oyama/Desktop/IMG/center_2017_08_15_00_00_38_172.jpg,/Users/oyama/Desktop/IMG/left_2017_08_15_00_00_38_172.jpg,/Users/oyama/Desktop/IMG/right_2017_08_15_00_00_38_172.jpg,0,1,0,30.19095
/Users/oyama/Desktop/IMG/center_2017_08_15_00_00_38_288.jpg,/Users/oyama/Desktop/IMG/left_2017_08_15_00_00_38_288.jpg,/Users/oyama/Desktop/IMG/right_2017_08_15_00_00_38_288.jpg,0,1,0,30.19019
/Users/oyama/Desktop/IMG/center_2017_08_15_00_00_38_370.jpg,/Users/oyama/Desktop/IMG/left_2017_08_15_00_00_38_370.jpg,/Users/oyama/Desktop/IMG/right_2017_08_15_00_00_38_370.jpg,0,1,0,30.19036
/Users/oyama/Desktop/IMG/center_2017_08_15_00_00_38_441.jpg,/Users/oyama/Desktop/IMG/left_2017_08_15_00_00_38_441.jpg,/Users/oyama/Desktop/IMG/right_2017_08_15_00_00_38_441.jpg,0,1,0,30.19094
/Users/oyama/Desktop/IMG/center_2017_08_15_00_00_38_524.jpg,/Users/oyama/Desktop/IMG/left_2017_08_15_00_00_38_524.jpg,/Users/oyama/Desktop/IMG/right_2017_08_15_00_00_38_524.jpg,0,1,0,30.19049
/Users/oyama/Desktop/IMG/center_2017_08_15_00_00_38_595.jpg,/Users/oyama/Desktop/IMG/left_2017_08_15_00_00_38_595.jpg,/Users/oyama/Desktop/IMG/right_2017_08_15_00_00_38_595.jpg,0,1,0,30.19027
/Users/oyama/Desktop/IMG/center_2017_08_15_00_00_38_673.jpg,/Users/oyama/Desktop/IMG/left_2017_08_15_00_00_38_673.jpg,/Users/oyama/Desktop/IMG/right_2017_08_15_00_00_38_673.jpg,0,1,0,30.1903
/Users/oyama/Desktop/IMG/center_2017_08_15_00_00_38_752.jpg,/Users/oyama/Desktop/IMG/left_2017_08_15_00_00_38_752.jpg,/Users/oyama/Desktop/IMG/right_2017_08_15_00_00_38_752.jpg,-0.15,1,0,30.18426
/Users/oyama/Desktop/IMG/center_2017_08_15_00_00_38_836.jpg,/Users/oyama/Desktop/IMG/left_2017_08_15_00_00_38_836.jpg,/Users/oyama/Desktop/IMG/right_2017_08_15_00_00_38_836.jpg,-0.1680658,1,0,30.18606
/Users/oyama/Desktop/IMG/center_2017_08_15_00_00_38_912.jpg,/Users/oyama/Desktop/IMG/left_2017_08_15_00_00_38_912.jpg,/Users/oyama/Desktop/IMG/right_2017_08_15_00_00_38_912.jpg,0,1,0,30.18935
/Users/oyama/Desktop/IMG/center_2017_08_15_00_00_39_005.jpg,/Users/oyama/Desktop/IMG/left_2017_08_15_00_00_39_005.jpg,/Users/oyama/Desktop/IMG/right_2017_08_15_00_00_39_005.jpg,0,1,0,30.19014
/Users/oyama/Desktop/IMG/center_2017_08_15_00_00_39_092.jpg,/Users/oyama/Desktop/IMG/left_2017_08_15_00_00_39_092.jpg,/Users/oyama/Desktop/IMG/right_2017_08_15_00_00_39_092.jpg,0,1,0,30.19027
/Users/oyama/Desktop/IMG/center_2017_08_15_00_00_39_202.jpg,/Users/oyama/Desktop/IMG/left_2017_08_15_00_00_39_202.jpg,/Users/oyama/Desktop/IMG/right_2017_08_15_00_00_39_202.jpg,0,1,0,30.1903
/Users/oyama/Desktop/IMG/center_2017_08_15_00_00_39_280.jpg,/Users/oyama/Desktop/IMG/left_2017_08_15_00_00_39_280.jpg,/Users/oyama/Desktop/IMG/right_2017_08_15_00_00_39_280.jpg,0,1,0,30.1903
/Users/oyama/Desktop/IMG/center_2017_08_15_00_00_39_359.jpg,/Users/oyama/Desktop/IMG/left_2017_08_15_00_00_39_359.jpg,/Users/oyama/Desktop/IMG/right_2017_08_15_00_00_39_359.jpg,-0.2,1,0,30.18
/Users/oyama/Desktop/IMG/center_2017_08_15_00_00_39_444.jpg,/Users/oyama/Desktop/IMG/left_2017_08_15_00_00_39_444.jpg,/Users/oyama/Desktop/IMG/right_2017_08_15_00_00_39_444.jpg,-0.3461999,1,0,30.16612
/Users/oyama/Desktop/IMG/center_2017_08_15_00_00_39_529.jpg,/Users/oyama/Desktop/IMG/left_2017_08_15_00_00_39_529.jpg,/Users/oyama/Desktop/IMG/right_2017_08_15_00_00_39_529.jpg,-0.09133493,1,0,30.19084
/Users/oyama/Desktop/IMG/center_2017_08_15_00_00_39_613.jpg,/Users/oyama/Desktop/IMG/left_2017_08_15_00_00_39_613.jpg,/Users/oyama/Desktop/IMG/right_2017_08_15_00_00_39_613.jpg,0,1,0,30.18924
/Users/oyama/Desktop/IMG/center_2017_08_15_00_00_39_698.jpg,/Users/oyama/Desktop/IMG/left_2017_08_15_00_00_39_698.jpg,/Users/oyama/Desktop/IMG/right_2017_08_15_00_00_39_698.jpg,-0.15,1,0,30.18692
/Users/oyama/Desktop/IMG/center_2017_08_15_00_00_39_781.jpg,/Users/oyama/Desktop/IMG/left_2017_08_15_00_00_39_781.jpg,/Users/oyama/Desktop/IMG/right_2017_08_15_00_00_39_781.jpg,-0.04757702,1,0,30.19092
/Users/oyama/Desktop/IMG/center_2017_08_15_00_00_39_850.jpg,/Users/oyama/Desktop/IMG/left_2017_08_15_00_00_39_850.jpg,/Users/oyama/Desktop/IMG/right_2017_08_15_00_00_39_850.jpg,0,1,0,30.19
/Users/oyama/Desktop/IMG/center_2017_08_15_00_00_39_935.jpg,/Users/oyama/Desktop/IMG/left_2017_08_15_00_00_39_935.jpg,/Users/oyama/Desktop/IMG/right_2017_08_15_00_00_39_935.jpg,0,1,0,30.19025
/Users/oyama/Desktop/IMG/center_2017_08_15_00_00_40_012.jpg,/Users/oyama/Desktop/IMG/left_2017_08_15_00_00_40_012.jpg,/Users/oyama/Desktop/IMG/right_2017_08_15_00_00_40_012.jpg,0,1,0,30.19029
/Users/oyama/Desktop/IMG/center_2017_08_15_00_00_40_105.jpg,/Users/oyama/Desktop/IMG/left_2017_08_15_00_00_40_105.jpg,/Users/oyama/Desktop/IMG/right_2017_08_15_00_00_40_105.jpg,0,1,0,30.19029
/Users/oyama/Desktop/IMG/center_2017_08_15_00_00_40_180.jpg,/Users/oyama/Desktop/IMG/left_2017_08_15_00_00_40_180.jpg,/Users/oyama/Desktop/IMG/right_2017_08_15_00_00_40_180.jpg,0,1,0,30.1903
/Users/oyama/Desktop/IMG/center_2017_08_15_00_00_40_253.jpg,/Users/oyama/Desktop/IMG/left_2017_08_15_00_00_40_253.jpg,/Users/oyama/Desktop/IMG/right_2017_08_15_00_00_40_253.jpg,0,1,0,30.1903
/Users/oyama/Desktop/IMG/center_2017_08_15_00_00_40_321.jpg,/Users/oyama/Desktop/IMG/left_2017_08_15_00_00_40_321.jpg,/Users/oyama/Desktop/IMG/right_2017_08_15_00_00_40_321.jpg,0,1,0,30.19031
/Users/oyama/Desktop/IMG/center_2017_08_15_00_00_40_404.jpg,/Users/oyama/Desktop/IMG/left_2017_08_15_00_00_40_404.jpg,/Users/oyama/Desktop/IMG/right_2017_08_15_00_00_40_404.jpg,0,1,0,30.19029
/Users/oyama/Desktop/IMG/center_2017_08_15_00_00_40_476.jpg,/Users/oyama/Desktop/IMG/left_2017_08_15_00_00_40_476.jpg,/Users/oyama/Desktop/IMG/right_2017_08_15_00_00_40_476.jpg,0,1,0,30.1903
/Users/oyama/Desktop/IMG/center_2017_08_15_00_00_40_552.jpg,/Users/oyama/Desktop/IMG/left_2017_08_15_00_00_40_552.jpg,/Users/oyama/Desktop/IMG/right_2017_08_15_00_00_40_552.jpg,0,1,0,30.19031
/Users/oyama/Desktop/IMG/center_2017_08_15_00_00_40_626.jpg,/Users/oyama/Desktop/IMG/left_2017_08_15_00_00_40_626.jpg,/Users/oyama/Desktop/IMG/right_2017_08_15_00_00_40_626.jpg,0,1,0,30.19029
/Users/oyama/Desktop/IMG/center_2017_08_15_00_00_40_697.jpg,/Users/oyama/Desktop/IMG/left_2017_08_15_00_00_40_697.jpg,/Users/oyama/Desktop/IMG/right_2017_08_15_00_00_40_697.jpg,0,1,0,30.19032
/Users/oyama/Desktop/IMG/center_2017_08_15_00_00_40_789.jpg,/Users/oyama/Desktop/IMG/left_2017_08_15_00_00_40_789.jpg,/Users/oyama/Desktop/IMG/right_2017_08_15_00_00_40_789.jpg,0,1,0,30.1903
/Users/oyama/Desktop/IMG/center_2017_08_15_00_00_40_868.jpg,/Users/oyama/Desktop/IMG/left_2017_08_15_00_00_40_868.jpg,/Users/oyama/Desktop/IMG/right_2017_08_15_00_00_40_868.jpg,-0.15,1,0,30.18423
/Users/oyama/Desktop/IMG/center_2017_08_15_00_00_40_949.jpg,/Users/oyama/Desktop/IMG/left_2017_08_15_00_00_40_949.jpg,/Users/oyama/Desktop/IMG/right_2017_08_15_00_00_40_949.jpg,-0.35,1,0,30.16342
/Users/oyama/Desktop/IMG/center_2017_08_15_00_00_41_057.jpg,/Users/oyama/Desktop/IMG/left_2017_08_15_00_00_41_057.jpg,/Users/oyama/Desktop/IMG/right_2017_08_15_00_00_41_057.jpg,-0.2456462,1,0,30.18703
/Users/oyama/Desktop/IMG/center_2017_08_15_00_00_41_133.jpg,/Users/oyama/Desktop/IMG/left_2017_08_15_00_00_41_133.jpg,/Users/oyama/Desktop/IMG/right_2017_08_15_00_00_41_133.jpg,-0.01552516,1,0,30.18982
/Users/oyama/Desktop/IMG/center_2017_08_15_00_00_41_212.jpg,/Users/oyama/Desktop/IMG/left_2017_08_15_00_00_41_212.jpg,/Users/oyama/Desktop/IMG/right_2017_08_15_00_00_41_212.jpg,0,1,0,30.18968
/Users/oyama/Desktop/IMG/center_2017_08_15_00_00_41_283.jpg,/Users/oyama/Desktop/IMG/left_2017_08_15_00_00_41_283.jpg,/Users/oyama/Desktop/IMG/right_2017_08_15_00_00_41_283.jpg,0,1,0,30.19021
/Users/oyama/Desktop/IMG/center_2017_08_15_00_00_41_359.jpg,/Users/oyama/Desktop/IMG/left_2017_08_15_00_00_41_359.jpg,/Users/oyama/Desktop/IMG/right_2017_08_15_00_00_41_359.jpg,0,1,0,30.19029
/Users/oyama/Desktop/IMG/center_2017_08_15_00_00_41_435.jpg,/Users/oyama/Desktop/IMG/left_2017_08_15_00_00_41_435.jpg,/Users/oyama/Desktop/IMG/right_2017_08_15_00_00_41_435.jpg,0,1,0,30.19031
/Users/oyama/Desktop/IMG/center_2017_08_15_00_00_41_510.jpg,/Users/oyama/Desktop/IMG/left_2017_08_15_00_00_41_510.jpg,/Users/oyama/Desktop/IMG/right_2017_08_15_00_00_41_510.jpg,0,1,0,30.19029
/Users/oyama/Desktop/IMG/center_2017_08_15_00_00_41_583.jpg,/Users/oyama/Desktop/IMG/left_2017_08_15_00_00_41_583.jpg,/Users/oyama/Desktop/IMG/right_2017_08_15_00_00_41_583.jpg,0,1,0,30.19031
/Users/oyama/Desktop/IMG/center_2017_08_15_00_00_41_660.jpg,/Users/oyama/Desktop/IMG/left_2017_08_15_00_00_41_660.jpg,/Users/oyama/Desktop/IMG/right_2017_08_15_00_00_41_660.jpg,0,1,0,30.1903
/Users/oyama/Desktop/IMG/center_2017_08_15_00_00_41_732.jpg,/Users/oyama/Desktop/IMG/left_2017_08_15_00_00_41_732.jpg,/Users/oyama/Desktop/IMG/right_2017_08_15_00_00_41_732.jpg,0,1,0,30.1903
/Users/oyama/Desktop/IMG/center_2017_08_15_00_00_41_821.jpg,/Users/oyama/Desktop/IMG/left_2017_08_15_00_00_41_821.jpg,/Users/oyama/Desktop/IMG/right_2017_08_15_00_00_41_821.jpg,0,1,0,30.19031
/Users/oyama/Desktop/IMG/center_2017_08_15_00_00_41_903.jpg,/Users/oyama/Desktop/IMG/left_2017_08_15_00_00_41_903.jpg,/Users/oyama/Desktop/IMG/right_2017_08_15_00_00_41_903.jpg,0,1,0,30.19029
/Users/oyama/Desktop/IMG/center_2017_08_15_00_00_41_976.jpg,/Users/oyama/Desktop/IMG/left_2017_08_15_00_00_41_976.jpg,/Users/oyama/Desktop/IMG/right_2017_08_15_00_00_41_976.jpg,0,1,0,30.19029
/Users/oyama/Desktop/IMG/center_2017_08_15_00_00_42_078.jpg,/Users/oyama/Desktop/IMG/left_2017_08_15_00_00_42_078.jpg,/Users/oyama/Desktop/IMG/right_2017_08_15_00_00_42_078.jpg,0,1,0,30.19031
/Users/oyama/Desktop/IMG/center_2017_08_15_00_00_42_163.jpg,/Users/oyama/Desktop/IMG/left_2017_08_15_00_00_42_163.jpg,/Users/oyama/Desktop/IMG/right_2017_08_15_00_00_42_163.jpg,0,1,0,30.1903
/Users/oyama/Desktop/IMG/center_2017_08_15_00_00_42_238.jpg,/Users/oyama/Desktop/IMG/left_2017_08_15_00_00_42_238.jpg,/Users/oyama/Desktop/IMG/right_2017_08_15_00_00_42_238.jpg,0,1,0,30.19033
/Users/oyama/Desktop/IMG/center_2017_08_15_00_00_42_306.jpg,/Users/oyama/Desktop/IMG/left_2017_08_15_00_00_42_306.jpg,/Users/oyama/Desktop/IMG/right_2017_08_15_00_00_42_306.jpg,0,1,0,30.19031
/Users/oyama/Desktop/IMG/center_2017_08_15_00_00_42_374.jpg,/Users/oyama/Desktop/IMG/left_2017_08_15_00_00_42_374.jpg,/Users/oyama/Desktop/IMG/right_2017_08_15_00_00_42_374.jpg,0,1,0,30.1903
/Users/oyama/Desktop/IMG/center_2017_08_15_00_00_42_456.jpg,/Users/oyama/Desktop/IMG/left_2017_08_15_00_00_42_456.jpg,/Users/oyama/Desktop/IMG/right_2017_08_15_00_00_42_456.jpg,0,1,0,30.19032
/Users/oyama/Desktop/IMG/center_2017_08_15_00_00_42_539.jpg,/Users/oyama/Desktop/IMG/left_2017_08_15_00_00_42_539.jpg,/Users/oyama/Desktop/IMG/right_2017_08_15_00_00_42_539.jpg,0,1,0,30.1903
/Users/oyama/Desktop/IMG/center_2017_08_15_00_00_42_616.jpg,/Users/oyama/Desktop/IMG/left_2017_08_15_00_00_42_616.jpg,/Users/oyama/Desktop/IMG/right_2017_08_15_00_00_42_616.jpg,0,1,0,30.19031
/Users/oyama/Desktop/IMG/center_2017_08_15_00_00_42_689.jpg,/Users/oyama/Desktop/IMG/left_2017_08_15_00_00_42_689.jpg,/Users/oyama/Desktop/IMG/right_2017_08_15_00_00_42_689.jpg,0,1,0,30.19029
/Users/oyama/Desktop/IMG/center_2017_08_15_00_00_42_760.jpg,/Users/oyama/Desktop/IMG/left_2017_08_15_00_00_42_760.jpg,/Users/oyama/Desktop/IMG/right_2017_08_15_00_00_42_760.jpg,0,1,0,30.1903
/Users/oyama/Desktop/IMG/center_2017_08_15_00_00_42_836.jpg,/Users/oyama/Desktop/IMG/left_2017_08_15_00_00_42_836.jpg,/Users/oyama/Desktop/IMG/right_2017_08_15_00_00_42_836.jpg,0,1,0,30.19031
/Users/oyama/Desktop/IMG/center_2017_08_15_00_00_42_916.jpg,/Users/oyama/Desktop/IMG/left_2017_08_15_00_00_42_916.jpg,/Users/oyama/Desktop/IMG/right_2017_08_15_00_00_42_916.jpg,0,1,0,30.1903
/Users/oyama/Desktop/IMG/center_2017_08_15_00_00_43_053.jpg,/Users/oyama/Desktop/IMG/left_2017_08_15_00_00_43_053.jpg,/Users/oyama/Desktop/IMG/right_2017_08_15_00_00_43_053.jpg,0,1,0,30.1903
/Users/oyama/Desktop/IMG/center_2017_08_15_00_00_43_133.jpg,/Users/oyama/Desktop/IMG/left_2017_08_15_00_00_43_133.jpg,/Users/oyama/Desktop/IMG/right_2017_08_15_00_00_43_133.jpg,0,1,0,30.19028
/Users/oyama/Desktop/IMG/center_2017_08_15_00_00_43_219.jpg,/Users/oyama/Desktop/IMG/left_2017_08_15_00_00_43_219.jpg,/Users/oyama/Desktop/IMG/right_2017_08_15_00_00_43_219.jpg,0,1,0,30.19029
/Users/oyama/Desktop/IMG/center_2017_08_15_00_00_43_308.jpg,/Users/oyama/Desktop/IMG/left_2017_08_15_00_00_43_308.jpg,/Users/oyama/Desktop/IMG/right_2017_08_15_00_00_43_308.jpg,0,1,0,30.19028
/Users/oyama/Desktop/IMG/center_2017_08_15_00_00_43_379.jpg,/Users/oyama/Desktop/IMG/left_2017_08_15_00_00_43_379.jpg,/Users/oyama/Desktop/IMG/right_2017_08_15_00_00_43_379.jpg,0,1,0,30.19028
/Users/oyama/Desktop/IMG/center_2017_08_15_00_00_43_467.jpg,/Users/oyama/Desktop/IMG/left_2017_08_15_00_00_43_467.jpg,/Users/oyama/Desktop/IMG/right_2017_08_15_00_00_43_467.jpg,0,1,0,30.19031
/Users/oyama/Desktop/IMG/center_2017_08_15_00_00_43_538.jpg,/Users/oyama/Desktop/IMG/left_2017_08_15_00_00_43_538.jpg,/Users/oyama/Desktop/IMG/right_2017_08_15_00_00_43_538.jpg,0,1,0,30.19023
/Users/oyama/Desktop/IMG/center_2017_08_15_00_00_43_619.jpg,/Users/oyama/Desktop/IMG/left_2017_08_15_00_00_43_619.jpg,/Users/oyama/Desktop/IMG/right_2017_08_15_00_00_43_619.jpg,0,1,0,30.19041
/Users/oyama/Desktop/IMG/center_2017_08_15_00_00_43_689.jpg,/Users/oyama/Desktop/IMG/left_2017_08_15_00_00_43_689.jpg,/Users/oyama/Desktop/IMG/right_2017_08_15_00_00_43_689.jpg,0,1,0,30.19042
/Users/oyama/Desktop/IMG/center_2017_08_15_00_00_43_763.jpg,/Users/oyama/Desktop/IMG/left_2017_08_15_00_00_43_763.jpg,/Users/oyama/Desktop/IMG/right_2017_08_15_00_00_43_763.jpg,0,1,0,30.18993
/Users/oyama/Desktop/IMG/center_2017_08_15_00_00_43_843.jpg,/Users/oyama/Desktop/IMG/left_2017_08_15_00_00_43_843.jpg,/Users/oyama/Desktop/IMG/right_2017_08_15_00_00_43_843.jpg,0,1,0,30.19036
/Users/oyama/Desktop/IMG/center_2017_08_15_00_00_43_912.jpg,/Users/oyama/Desktop/IMG/left_2017_08_15_00_00_43_912.jpg,/Users/oyama/Desktop/IMG/right_2017_08_15_00_00_43_912.jpg,0,1,0,30.19033
/Users/oyama/Desktop/IMG/center_2017_08_15_00_00_44_022.jpg,/Users/oyama/Desktop/IMG/left_2017_08_15_00_00_44_022.jpg,/Users/oyama/Desktop/IMG/right_2017_08_15_00_00_44_022.jpg,0,1,0,30.19027
/Users/oyama/Desktop/IMG/center_2017_08_15_00_00_44_117.jpg,/Users/oyama/Desktop/IMG/left_2017_08_15_00_00_44_117.jpg,/Users/oyama/Desktop/IMG/right_2017_08_15_00_00_44_117.jpg,0,1,0,30.19031
/Users/oyama/Desktop/IMG/center_2017_08_15_00_00_44_208.jpg,/Users/oyama/Desktop/IMG/left_2017_08_15_00_00_44_208.jpg,/Users/oyama/Desktop/IMG/right_2017_08_15_00_00_44_208.jpg,0,1,0,30.19031
/Users/oyama/Desktop/IMG/center_2017_08_15_00_00_44_302.jpg,/Users/oyama/Desktop/IMG/left_2017_08_15_00_00_44_302.jpg,/Users/oyama/Desktop/IMG/right_2017_08_15_00_00_44_302.jpg,0,1,0,30.19029
/Users/oyama/Desktop/IMG/center_2017_08_15_00_00_44_372.jpg,/Users/oyama/Desktop/IMG/left_2017_08_15_00_00_44_372.jpg,/Users/oyama/Desktop/IMG/right_2017_08_15_00_00_44_372.jpg,0,1,0,30.1903
/Users/oyama/Desktop/IMG/center_2017_08_15_00_00_44_471.jpg,/Users/oyama/Desktop/IMG/left_2017_08_15_00_00_44_471.jpg,/Users/oyama/Desktop/IMG/right_2017_08_15_00_00_44_471.jpg,0,1,0,30.19028
/Users/oyama/Desktop/IMG/center_2017_08_15_00_00_44_559.jpg,/Users/oyama/Desktop/IMG/left_2017_08_15_00_00_44_559.jpg,/Users/oyama/Desktop/IMG/right_2017_08_15_00_00_44_559.jpg,0,1,0,30.19029
/Users/oyama/Desktop/IMG/center_2017_08_15_00_00_44_631.jpg,/Users/oyama/Desktop/IMG/left_2017_08_15_00_00_44_631.jpg,/Users/oyama/Desktop/IMG/right_2017_08_15_00_00_44_631.jpg,0,1,0,30.19029
/Users/oyama/Desktop/IMG/center_2017_08_15_00_00_44_699.jpg,/Users/oyama/Desktop/IMG/left_2017_08_15_00_00_44_699.jpg,/Users/oyama/Desktop/IMG/right_2017_08_15_00_00_44_699.jpg,0,1,0,30.19031
/Users/oyama/Desktop/IMG/center_2017_08_15_00_00_44_778.jpg,/Users/oyama/Desktop/IMG/left_2017_08_15_00_00_44_778.jpg,/Users/oyama/Desktop/IMG/right_2017_08_15_00_00_44_778.jpg,0,1,0,30.19029
/Users/oyama/Desktop/IMG/center_2017_08_15_00_00_44_852.jpg,/Users/oyama/Desktop/IMG/left_2017_08_15_00_00_44_852.jpg,/Users/oyama/Desktop/IMG/right_2017_08_15_00_00_44_852.jpg,0,1,0,30.1903
/Users/oyama/Desktop/IMG/center_2017_08_15_00_00_44_927.jpg,/Users/oyama/Desktop/IMG/left_2017_08_15_00_00_44_927.jpg,/Users/oyama/Desktop/IMG/right_2017_08_15_00_00_44_927.jpg,0,1,0,30.1903
/Users/oyama/Desktop/IMG/center_2017_08_15_00_00_45_018.jpg,/Users/oyama/Desktop/IMG/left_2017_08_15_00_00_45_018.jpg,/Users/oyama/Desktop/IMG/right_2017_08_15_00_00_45_018.jpg,0,1,0,30.19029
/Users/oyama/Desktop/IMG/center_2017_08_15_00_00_45_090.jpg,/Users/oyama/Desktop/IMG/left_2017_08_15_00_00_45_090.jpg,/Users/oyama/Desktop/IMG/right_2017_08_15_00_00_45_090.jpg,0,1,0,30.1903
/Users/oyama/Desktop/IMG/center_2017_08_15_00_00_45_157.jpg,/Users/oyama/Desktop/IMG/left_2017_08_15_00_00_45_157.jpg,/Users/oyama/Desktop/IMG/right_2017_08_15_00_00_45_157.jpg,0,1,0,30.1904
/Users/oyama/Desktop/IMG/center_2017_08_15_00_00_45_229.jpg,/Users/oyama/Desktop/IMG/left_2017_08_15_00_00_45_229.jpg,/Users/oyama/Desktop/IMG/right_2017_08_15_00_00_45_229.jpg,0,1,0,30.19028
/Users/oyama/Desktop/IMG/center_2017_08_15_00_00_45_302.jpg,/Users/oyama/Desktop/IMG/left_2017_08_15_00_00_45_302.jpg,/Users/oyama/Desktop/IMG/right_2017_08_15_00_00_45_302.jpg,0,1,0,30.1903
/Users/oyama/Desktop/IMG/center_2017_08_15_00_00_45_376.jpg,/Users/oyama/Desktop/IMG/left_2017_08_15_00_00_45_376.jpg,/Users/oyama/Desktop/IMG/right_2017_08_15_00_00_45_376.jpg,0,1,0,30.1903
/Users/oyama/Desktop/IMG/center_2017_08_15_00_00_45_444.jpg,/Users/oyama/Desktop/IMG/left_2017_08_15_00_00_45_444.jpg,/Users/oyama/Desktop/IMG/right_2017_08_15_00_00_45_444.jpg,0,1,0,30.19031
/Users/oyama/Desktop/IMG/center_2017_08_15_00_00_45_519.jpg,/Users/oyama/Desktop/IMG/left_2017_08_15_00_00_45_519.jpg,/Users/oyama/Desktop/IMG/right_2017_08_15_00_00_45_519.jpg,0,1,0,30.19029
/Users/oyama/Desktop/IMG/center_2017_08_15_00_00_45_594.jpg,/Users/oyama/Desktop/IMG/left_2017_08_15_00_00_45_594.jpg,/Users/oyama/Desktop/IMG/right_2017_08_15_00_00_45_594.jpg,0,1,0,30.19029
/Users/oyama/Desktop/IMG/center_2017_08_15_00_00_45_669.jpg,/Users/oyama/Desktop/IMG/left_2017_08_15_00_00_45_669.jpg,/Users/oyama/Desktop/IMG/right_2017_08_15_00_00_45_669.jpg,0,1,0,30.19029
/Users/oyama/Desktop/IMG/center_2017_08_15_00_00_45_740.jpg,/Users/oyama/Desktop/IMG/left_2017_08_15_00_00_45_740.jpg,/Users/oyama/Desktop/IMG/right_2017_08_15_00_00_45_740.jpg,0,1,0,30.19029
/Users/oyama/Desktop/IMG/center_2017_08_15_00_00_45_808.jpg,/Users/oyama/Desktop/IMG/left_2017_08_15_00_00_45_808.jpg,/Users/oyama/Desktop/IMG/right_2017_08_15_00_00_45_808.jpg,0,1,0,30.19028
/Users/oyama/Desktop/IMG/center_2017_08_15_00_00_45_891.jpg,/Users/oyama/Desktop/IMG/left_2017_08_15_00_00_45_891.jpg,/Users/oyama/Desktop/IMG/right_2017_08_15_00_00_45_891.jpg,0,1,0,30.19028
/Users/oyama/Desktop/IMG/center_2017_08_15_00_00_45_964.jpg,/Users/oyama/Desktop/IMG/left_2017_08_15_00_00_45_964.jpg,/Users/oyama/Desktop/IMG/right_2017_08_15_00_00_45_964.jpg,-0.2,1,0,30.17984
/Users/oyama/Desktop/IMG/center_2017_08_15_00_00_46_048.jpg,/Users/oyama/Desktop/IMG/left_2017_08_15_00_00_46_048.jpg,/Users/oyama/Desktop/IMG/right_2017_08_15_00_00_46_048.jpg,-0.4,1,0,30.15755
/Users/oyama/Desktop/IMG/center_2017_08_15_00_00_46_145.jpg,/Users/oyama/Desktop/IMG/left_2017_08_15_00_00_46_145.jpg,/Users/oyama/Desktop/IMG/right_2017_08_15_00_00_46_145.jpg,-0.1809239,1,0,30.1916
/Users/oyama/Desktop/IMG/center_2017_08_15_00_00_46_221.jpg,/Users/oyama/Desktop/IMG/left_2017_08_15_00_00_46_221.jpg,/Users/oyama/Desktop/IMG/right_2017_08_15_00_00_46_221.jpg,0,1,0,30.18779
/Users/oyama/Desktop/IMG/center_2017_08_15_00_00_46_304.jpg,/Users/oyama/Desktop/IMG/left_2017_08_15_00_00_46_304.jpg,/Users/oyama/Desktop/IMG/right_2017_08_15_00_00_46_304.jpg,0,1,0,30.18986
/Users/oyama/Desktop/IMG/center_2017_08_15_00_00_46_383.jpg,/Users/oyama/Desktop/IMG/left_2017_08_15_00_00_46_383.jpg,/Users/oyama/Desktop/IMG/right_2017_08_15_00_00_46_383.jpg,0,1,0,30.19021
/Users/oyama/Desktop/IMG/center_2017_08_15_00_00_46_456.jpg,/Users/oyama/Desktop/IMG/left_2017_08_15_00_00_46_456.jpg,/Users/oyama/Desktop/IMG/right_2017_08_15_00_00_46_456.jpg,0,1,0,30.19029
/Users/oyama/Desktop/IMG/center_2017_08_15_00_00_46_528.jpg,/Users/oyama/Desktop/IMG/left_2017_08_15_00_00_46_528.jpg,/Users/oyama/Desktop/IMG/right_2017_08_15_00_00_46_528.jpg,0,1,0,30.19029
/Users/oyama/Desktop/IMG/center_2017_08_15_00_00_46_603.jpg,/Users/oyama/Desktop/IMG/left_2017_08_15_00_00_46_603.jpg,/Users/oyama/Desktop/IMG/right_2017_08_15_00_00_46_603.jpg,0,1,0,30.19031
/Users/oyama/Desktop/IMG/center_2017_08_15_00_00_46_676.jpg,/Users/oyama/Desktop/IMG/left_2017_08_15_00_00_46_676.jpg,/Users/oyama/Desktop/IMG/right_2017_08_15_00_00_46_676.jpg,0,1,0,30.19028
/Users/oyama/Desktop/IMG/center_2017_08_15_00_00_46_755.jpg,/Users/oyama/Desktop/IMG/left_2017_08_15_00_00_46_755.jpg,/Users/oyama/Desktop/IMG/right_2017_08_15_00_00_46_755.jpg,0,1,0,30.19031
/Users/oyama/Desktop/IMG/center_2017_08_15_00_00_46_832.jpg,/Users/oyama/Desktop/IMG/left_2017_08_15_00_00_46_832.jpg,/Users/oyama/Desktop/IMG/right_2017_08_15_00_00_46_832.jpg,0,1,0,30.19029
/Users/oyama/Desktop/IMG/center_2017_08_15_00_00_46_916.jpg,/Users/oyama/Desktop/IMG/left_2017_08_15_00_00_46_916.jpg,/Users/oyama/Desktop/IMG/right_2017_08_15_00_00_46_916.jpg,0,1,0,30.1903
/Users/oyama/Desktop/IMG/center_2017_08_15_00_00_47_024.jpg,/Users/oyama/Desktop/IMG/left_2017_08_15_00_00_47_024.jpg,/Users/oyama/Desktop/IMG/right_2017_08_15_00_00_47_024.jpg,0,1,0,30.1903
/Users/oyama/Desktop/IMG/center_2017_08_15_00_00_47_111.jpg,/Users/oyama/Desktop/IMG/left_2017_08_15_00_00_47_111.jpg,/Users/oyama/Desktop/IMG/right_2017_08_15_00_00_47_111.jpg,0,1,0,30.19031
/Users/oyama/Desktop/IMG/center_2017_08_15_00_00_47_197.jpg,/Users/oyama/Desktop/IMG/left_2017_08_15_00_00_47_197.jpg,/Users/oyama/Desktop/IMG/right_2017_08_15_00_00_47_197.jpg,0,1,0,30.1903
/Users/oyama/Desktop/IMG/center_2017_08_15_00_00_47_276.jpg,/Users/oyama/Desktop/IMG/left_2017_08_15_00_00_47_276.jpg,/Users/oyama/Desktop/IMG/right_2017_08_15_00_00_47_276.jpg,0,1,0,30.19029
/Users/oyama/Desktop/IMG/center_2017_08_15_00_00_47_357.jpg,/Users/oyama/Desktop/IMG/left_2017_08_15_00_00_47_357.jpg,/Users/oyama/Desktop/IMG/right_2017_08_15_00_00_47_357.jpg,0,1,0,30.1903
/Users/oyama/Desktop/IMG/center_2017_08_15_00_00_47_436.jpg,/Users/oyama/Desktop/IMG/left_2017_08_15_00_00_47_436.jpg,/Users/oyama/Desktop/IMG/right_2017_08_15_00_00_47_436.jpg,0,1,0,30.1903
/Users/oyama/Desktop/IMG/center_2017_08_15_00_00_47_519.jpg,/Users/oyama/Desktop/IMG/left_2017_08_15_00_00_47_519.jpg,/Users/oyama/Desktop/IMG/right_2017_08_15_00_00_47_519.jpg,0,1,0,30.19029
/Users/oyama/Desktop/IMG/center_2017_08_15_00_00_47_614.jpg,/Users/oyama/Desktop/IMG/left_2017_08_15_00_00_47_614.jpg,/Users/oyama/Desktop/IMG/right_2017_08_15_00_00_47_614.jpg,0,1,0,30.1903
/Users/oyama/Desktop/IMG/center_2017_08_15_00_00_47_692.jpg,/Users/oyama/Desktop/IMG/left_2017_08_15_00_00_47_692.jpg,/Users/oyama/Desktop/IMG/right_2017_08_15_00_00_47_692.jpg,0,1,0,30.19031
/Users/oyama/Desktop/IMG/center_2017_08_15_00_00_47_768.jpg,/Users/oyama/Desktop/IMG/left_2017_08_15_00_00_47_768.jpg,/Users/oyama/Desktop/IMG/right_2017_08_15_00_00_47_768.jpg,0,1,0,30.1904
/Users/oyama/Desktop/IMG/center_2017_08_15_00_00_47_862.jpg,/Users/oyama/Desktop/IMG/left_2017_08_15_00_00_47_862.jpg,/Users/oyama/Desktop/IMG/right_2017_08_15_00_00_47_862.jpg,0,1,0,30.19028
/Users/oyama/Desktop/IMG/center_2017_08_15_00_00_47_946.jpg,/Users/oyama/Desktop/IMG/left_2017_08_15_00_00_47_946.jpg,/Users/oyama/Desktop/IMG/right_2017_08_15_00_00_47_946.jpg,0,1,0,30.19032
/Users/oyama/Desktop/IMG/center_2017_08_15_00_00_48_042.jpg,/Users/oyama/Desktop/IMG/left_2017_08_15_00_00_48_042.jpg,/Users/oyama/Desktop/IMG/right_2017_08_15_00_00_48_042.jpg,0,1,0,30.19031
/Users/oyama/Desktop/IMG/center_2017_08_15_00_00_48_123.jpg,/Users/oyama/Desktop/IMG/left_2017_08_15_00_00_48_123.jpg,/Users/oyama/Desktop/IMG/right_2017_08_15_00_00_48_123.jpg,0,1,0,30.19031
/Users/oyama/Desktop/IMG/center_2017_08_15_00_00_48_196.jpg,/Users/oyama/Desktop/IMG/left_2017_08_15_00_00_48_196.jpg,/Users/oyama/Desktop/IMG/right_2017_08_15_00_00_48_196.jpg,0,1,0,30.19029
/Users/oyama/Desktop/IMG/center_2017_08_15_00_00_48_302.jpg,/Users/oyama/Desktop/IMG/left_2017_08_15_00_00_48_302.jpg,/Users/oyama/Desktop/IMG/right_2017_08_15_00_00_48_302.jpg,0,1,0,30.19029
/Users/oyama/Desktop/IMG/center_2017_08_15_00_00_48_371.jpg,/Users/oyama/Desktop/IMG/left_2017_08_15_00_00_48_371.jpg,/Users/oyama/Desktop/IMG/right_2017_08_15_00_00_48_371.jpg,0,1,0,30.19031
/Users/oyama/Desktop/IMG/center_2017_08_15_00_00_48_469.jpg,/Users/oyama/Desktop/IMG/left_2017_08_15_00_00_48_469.jpg,/Users/oyama/Desktop/IMG/right_2017_08_15_00_00_48_469.jpg,0,1,0,30.19032
/Users/oyama/Desktop/IMG/center_2017_08_15_00_00_48_536.jpg,/Users/oyama/Desktop/IMG/left_2017_08_15_00_00_48_536.jpg,/Users/oyama/Desktop/IMG/right_2017_08_15_00_00_48_536.jpg,0,1,0,30.19031
/Users/oyama/Desktop/IMG/center_2017_08_15_00_00_48_620.jpg,/Users/oyama/Desktop/IMG/left_2017_08_15_00_00_48_620.jpg,/Users/oyama/Desktop/IMG/right_2017_08_15_00_00_48_620.jpg,0,1,0,30.1903
/Users/oyama/Desktop/IMG/center_2017_08_15_00_00_48_694.jpg,/Users/oyama/Desktop/IMG/left_2017_08_15_00_00_48_694.jpg,/Users/oyama/Desktop/IMG/right_2017_08_15_00_00_48_694.jpg,0,1,0,30.1903
/Users/oyama/Desktop/IMG/center_2017_08_15_00_00_48_773.jpg,/Users/oyama/Desktop/IMG/left_2017_08_15_00_00_48_773.jpg,/Users/oyama/Desktop/IMG/right_2017_08_15_00_00_48_773.jpg,0,1,0,30.19031
/Users/oyama/Desktop/IMG/center_2017_08_15_00_00_48_865.jpg,/Users/oyama/Desktop/IMG/left_2017_08_15_00_00_48_865.jpg,/Users/oyama/Desktop/IMG/right_2017_08_15_00_00_48_865.jpg,0,1,0,30.1903
/Users/oyama/Desktop/IMG/center_2017_08_15_00_00_48_954.jpg,/Users/oyama/Desktop/IMG/left_2017_08_15_00_00_48_954.jpg,/Users/oyama/Desktop/IMG/right_2017_08_15_00_00_48_954.jpg,0,1,0,30.19029
/Users/oyama/Desktop/IMG/center_2017_08_15_00_00_49_062.jpg,/Users/oyama/Desktop/IMG/left_2017_08_15_00_00_49_062.jpg,/Users/oyama/Desktop/IMG/right_2017_08_15_00_00_49_062.jpg,0,1,0,30.1903
/Users/oyama/Desktop/IMG/center_2017_08_15_00_00_49_139.jpg,/Users/oyama/Desktop/IMG/left_2017_08_15_00_00_49_139.jpg,/Users/oyama/Desktop/IMG/right_2017_08_15_00_00_49_139.jpg,0,1,0,30.19019
/Users/oyama/Desktop/IMG/center_2017_08_15_00_00_49_229.jpg,/Users/oyama/Desktop/IMG/left_2017_08_15_00_00_49_229.jpg,/Users/oyama/Desktop/IMG/right_2017_08_15_00_00_49_229.jpg,0,1,0,30.19029
/Users/oyama/Desktop/IMG/center_2017_08_15_00_00_49_320.jpg,/Users/oyama/Desktop/IMG/left_2017_08_15_00_00_49_320.jpg,/Users/oyama/Desktop/IMG/right_2017_08_15_00_00_49_320.jpg,0,1,0,30.1903
/Users/oyama/Desktop/IMG/center_2017_08_15_00_00_49_414.jpg,/Users/oyama/Desktop/IMG/left_2017_08_15_00_00_49_414.jpg,/Users/oyama/Desktop/IMG/right_2017_08_15_00_00_49_414.jpg,0,1,0,30.19023
/Users/oyama/Desktop/IMG/center_2017_08_15_00_00_49_504.jpg,/Users/oyama/Desktop/IMG/left_2017_08_15_00_00_49_504.jpg,/Users/oyama/Desktop/IMG/right_2017_08_15_00_00_49_504.jpg,0,1,0,30.19029
/Users/oyama/Desktop/IMG/center_2017_08_15_00_00_49_593.jpg,/Users/oyama/Desktop/IMG/left_2017_08_15_00_00_49_593.jpg,/Users/oyama/Desktop/IMG/right_2017_08_15_00_00_49_593.jpg,0,1,0,30.19029
/Users/oyama/Desktop/IMG/center_2017_08_15_00_00_49_680.jpg,/Users/oyama/Desktop/IMG/left_2017_08_15_00_00_49_680.jpg,/Users/oyama/Desktop/IMG/right_2017_08_15_00_00_49_680.jpg,0,1,0,30.19027
/Users/oyama/Desktop/IMG/center_2017_08_15_00_00_49_782.jpg,/Users/oyama/Desktop/IMG/left_2017_08_15_00_00_49_782.jpg,/Users/oyama/Desktop/IMG/right_2017_08_15_00_00_49_782.jpg,0,1,0,30.19028
/Users/oyama/Desktop/IMG/center_2017_08_15_00_00_49_853.jpg,/Users/oyama/Desktop/IMG/left_2017_08_15_00_00_49_853.jpg,/Users/oyama/Desktop/IMG/right_2017_08_15_00_00_49_853.jpg,0,1,0,30.19029
/Users/oyama/Desktop/IMG/center_2017_08_15_00_00_49_945.jpg,/Users/oyama/Desktop/IMG/left_2017_08_15_00_00_49_945.jpg,/Users/oyama/Desktop/IMG/right_2017_08_15_00_00_49_945.jpg,0,1,0,30.19031
/Users/oyama/Desktop/IMG/center_2017_08_15_00_00_50_019.jpg,/Users/oyama/Desktop/IMG/left_2017_08_15_00_00_50_019.jpg,/Users/oyama/Desktop/IMG/right_2017_08_15_00_00_50_019.jpg,0,1,0,30.19032
/Users/oyama/Desktop/IMG/center_2017_08_15_00_00_50_101.jpg,/Users/oyama/Desktop/IMG/left_2017_08_15_00_00_50_101.jpg,/Users/oyama/Desktop/IMG/right_2017_08_15_00_00_50_101.jpg,0,1,0,30.1903
/Users/oyama/Desktop/IMG/center_2017_08_15_00_00_50_182.jpg,/Users/oyama/Desktop/IMG/left_2017_08_15_00_00_50_182.jpg,/Users/oyama/Desktop/IMG/right_2017_08_15_00_00_50_182.jpg,0,1,0,30.1903
/Users/oyama/Desktop/IMG/center_2017_08_15_00_00_50_266.jpg,/Users/oyama/Desktop/IMG/left_2017_08_15_00_00_50_266.jpg,/Users/oyama/Desktop/IMG/right_2017_08_15_00_00_50_266.jpg,0,1,0,30.1903
/Users/oyama/Desktop/IMG/center_2017_08_15_00_00_50_353.jpg,/Users/oyama/Desktop/IMG/left_2017_08_15_00_00_50_353.jpg,/Users/oyama/Desktop/IMG/right_2017_08_15_00_00_50_353.jpg,0,1,0,30.1903
/Users/oyama/Desktop/IMG/center_2017_08_15_00_00_50_438.jpg,/Users/oyama/Desktop/IMG/left_2017_08_15_00_00_50_438.jpg,/Users/oyama/Desktop/IMG/right_2017_08_15_00_00_50_438.jpg,0,1,0,30.19031
/Users/oyama/Desktop/IMG/center_2017_08_15_00_00_50_521.jpg,/Users/oyama/Desktop/IMG/left_2017_08_15_00_00_50_521.jpg,/Users/oyama/Desktop/IMG/right_2017_08_15_00_00_50_521.jpg,0,1,0,30.19031
/Users/oyama/Desktop/IMG/center_2017_08_15_00_00_50_616.jpg,/Users/oyama/Desktop/IMG/left_2017_08_15_00_00_50_616.jpg,/Users/oyama/Desktop/IMG/right_2017_08_15_00_00_50_616.jpg,0,1,0,30.19034
/Users/oyama/Desktop/IMG/center_2017_08_15_00_00_50_690.jpg,/Users/oyama/Desktop/IMG/left_2017_08_15_00_00_50_690.jpg,/Users/oyama/Desktop/IMG/right_2017_08_15_00_00_50_690.jpg,0,1,0,30.19029
/Users/oyama/Desktop/IMG/center_2017_08_15_00_00_50_769.jpg,/Users/oyama/Desktop/IMG/left_2017_08_15_00_00_50_769.jpg,/Users/oyama/Desktop/IMG/right_2017_08_15_00_00_50_769.jpg,0,1,0,30.19027
/Users/oyama/Desktop/IMG/center_2017_08_15_00_00_50_836.jpg,/Users/oyama/Desktop/IMG/left_2017_08_15_00_00_50_836.jpg,/Users/oyama/Desktop/IMG/right_2017_08_15_00_00_50_836.jpg,0,1,0,30.1903
/Users/oyama/Desktop/IMG/center_2017_08_15_00_00_50_924.jpg,/Users/oyama/Desktop/IMG/left_2017_08_15_00_00_50_924.jpg,/Users/oyama/Desktop/IMG/right_2017_08_15_00_00_50_924.jpg,0,1,0,30.19029
/Users/oyama/Desktop/IMG/center_2017_08_15_00_00_51_010.jpg,/Users/oyama/Desktop/IMG/left_2017_08_15_00_00_51_010.jpg,/Users/oyama/Desktop/IMG/right_2017_08_15_00_00_51_010.jpg,-0.1,1,0,30.18765
/Users/oyama/Desktop/IMG/center_2017_08_15_00_00_51_138.jpg,/Users/oyama/Desktop/IMG/left_2017_08_15_00_00_51_138.jpg,/Users/oyama/Desktop/IMG/right_2017_08_15_00_00_51_138.jpg,-0.4,1,0,30.15756
/Users/oyama/Desktop/IMG/center_2017_08_15_00_00_51_231.jpg,/Users/oyama/Desktop/IMG/left_2017_08_15_00_00_51_231.jpg,/Users/oyama/Desktop/IMG/right_2017_08_15_00_00_51_231.jpg,-0.249348,1,0,30.18826
/Users/oyama/Desktop/IMG/center_2017_08_15_00_00_51_318.jpg,/Users/oyama/Desktop/IMG/left_2017_08_15_00_00_51_318.jpg,/Users/oyama/Desktop/IMG/right_2017_08_15_00_00_51_318.jpg,0,1,0,30.18604
/Users/oyama/Desktop/IMG/center_2017_08_15_00_00_51_412.jpg,/Users/oyama/Desktop/IMG/left_2017_08_15_00_00_51_412.jpg,/Users/oyama/Desktop/IMG/right_2017_08_15_00_00_51_412.jpg,0,1,0,30.18963
/Users/oyama/Desktop/IMG/center_2017_08_15_00_00_51_495.jpg,/Users/oyama/Desktop/IMG/left_2017_08_15_00_00_51_495.jpg,/Users/oyama/Desktop/IMG/right_2017_08_15_00_00_51_495.jpg,0,1,0,30.19018
/Users/oyama/Desktop/IMG/center_2017_08_15_00_00_51_582.jpg,/Users/oyama/Desktop/IMG/left_2017_08_15_00_00_51_582.jpg,/Users/oyama/Desktop/IMG/right_2017_08_15_00_00_51_582.jpg,0,1,0,30.19032
/Users/oyama/Desktop/IMG/center_2017_08_15_00_00_51_672.jpg,/Users/oyama/Desktop/IMG/left_2017_08_15_00_00_51_672.jpg,/Users/oyama/Desktop/IMG/right_2017_08_15_00_00_51_672.jpg,0,1,0,30.19025
/Users/oyama/Desktop/IMG/center_2017_08_15_00_00_51_757.jpg,/Users/oyama/Desktop/IMG/left_2017_08_15_00_00_51_757.jpg,/Users/oyama/Desktop/IMG/right_2017_08_15_00_00_51_757.jpg,0,1,0,30.1903
/Users/oyama/Desktop/IMG/center_2017_08_15_00_00_51_850.jpg,/Users/oyama/Desktop/IMG/left_2017_08_15_00_00_51_850.jpg,/Users/oyama/Desktop/IMG/right_2017_08_15_00_00_51_850.jpg,0,1,0,30.19029
/Users/oyama/Desktop/IMG/center_2017_08_15_00_00_51_937.jpg,/Users/oyama/Desktop/IMG/left_2017_08_15_00_00_51_937.jpg,/Users/oyama/Desktop/IMG/right_2017_08_15_00_00_51_937.jpg,0,1,0,30.19026
/Users/oyama/Desktop/IMG/center_2017_08_15_00_00_52_014.jpg,/Users/oyama/Desktop/IMG/left_2017_08_15_00_00_52_014.jpg,/Users/oyama/Desktop/IMG/right_2017_08_15_00_00_52_014.jpg,0,1,0,30.19031
/Users/oyama/Desktop/IMG/center_2017_08_15_00_00_52_089.jpg,/Users/oyama/Desktop/IMG/left_2017_08_15_00_00_52_089.jpg,/Users/oyama/Desktop/IMG/right_2017_08_15_00_00_52_089.jpg,0,1,0,30.19029
/Users/oyama/Desktop/IMG/center_2017_08_15_00_00_52_164.jpg,/Users/oyama/Desktop/IMG/left_2017_08_15_00_00_52_164.jpg,/Users/oyama/Desktop/IMG/right_2017_08_15_00_00_52_164.jpg,0,1,0,30.19034
/Users/oyama/Desktop/IMG/center_2017_08_15_00_00_52_247.jpg,/Users/oyama/Desktop/IMG/left_2017_08_15_00_00_52_247.jpg,/Users/oyama/Desktop/IMG/right_2017_08_15_00_00_52_247.jpg,0,1,0,30.19029
/Users/oyama/Desktop/IMG/center_2017_08_15_00_00_52_333.jpg,/Users/oyama/Desktop/IMG/left_2017_08_15_00_00_52_333.jpg,/Users/oyama/Desktop/IMG/right_2017_08_15_00_00_52_333.jpg,0,1,0,30.19028
/Users/oyama/Desktop/IMG/center_2017_08_15_00_00_52_428.jpg,/Users/oyama/Desktop/IMG/left_2017_08_15_00_00_52_428.jpg,/Users/oyama/Desktop/IMG/right_2017_08_15_00_00_52_428.jpg,0,1,0,30.19027
/Users/oyama/Desktop/IMG/center_2017_08_15_00_00_52_501.jpg,/Users/oyama/Desktop/IMG/left_2017_08_15_00_00_52_501.jpg,/Users/oyama/Desktop/IMG/right_2017_08_15_00_00_52_501.jpg,0,1,0,30.1903
/Users/oyama/Desktop/IMG/center_2017_08_15_00_00_52_582.jpg,/Users/oyama/Desktop/IMG/left_2017_08_15_00_00_52_582.jpg,/Users/oyama/Desktop/IMG/right_2017_08_15_00_00_52_582.jpg,0,1,0,30.19032
/Users/oyama/Desktop/IMG/center_2017_08_15_00_00_52_676.jpg,/Users/oyama/Desktop/IMG/left_2017_08_15_00_00_52_676.jpg,/Users/oyama/Desktop/IMG/right_2017_08_15_00_00_52_676.jpg,0,1,0,30.19029
/Users/oyama/Desktop/IMG/center_2017_08_15_00_00_52_746.jpg,/Users/oyama/Desktop/IMG/left_2017_08_15_00_00_52_746.jpg,/Users/oyama/Desktop/IMG/right_2017_08_15_00_00_52_746.jpg,0,1,0,30.1903
/Users/oyama/Desktop/IMG/center_2017_08_15_00_00_52_832.jpg,/Users/oyama/Desktop/IMG/left_2017_08_15_00_00_52_832.jpg,/Users/oyama/Desktop/IMG/right_2017_08_15_00_00_52_832.jpg,0,1,0,30.19033
/Users/oyama/Desktop/IMG/center_2017_08_15_00_00_52_899.jpg,/Users/oyama/Desktop/IMG/left_2017_08_15_00_00_52_899.jpg,/Users/oyama/Desktop/IMG/right_2017_08_15_00_00_52_899.jpg,0,1,0,30.19033
/Users/oyama/Desktop/IMG/center_2017_08_15_00_00_52_995.jpg,/Users/oyama/Desktop/IMG/left_2017_08_15_00_00_52_995.jpg,/Users/oyama/Desktop/IMG/right_2017_08_15_00_00_52_995.jpg,0,1,0,30.19032
/Users/oyama/Desktop/IMG/center_2017_08_15_00_00_53_073.jpg,/Users/oyama/Desktop/IMG/left_2017_08_15_00_00_53_073.jpg,/Users/oyama/Desktop/IMG/right_2017_08_15_00_00_53_073.jpg,0,1,0,30.1907
/Users/oyama/Desktop/IMG/center_2017_08_15_00_00_53_156.jpg,/Users/oyama/Desktop/IMG/left_2017_08_15_00_00_53_156.jpg,/Users/oyama/Desktop/IMG/right_2017_08_15_00_00_53_156.jpg,0,1,0,30.19011
/Users/oyama/Desktop/IMG/center_2017_08_15_00_00_53_248.jpg,/Users/oyama/Desktop/IMG/left_2017_08_15_00_00_53_248.jpg,/Users/oyama/Desktop/IMG/right_2017_08_15_00_00_53_248.jpg,0,1,0,30.19017
/Users/oyama/Desktop/IMG/center_2017_08_15_00_00_53_339.jpg,/Users/oyama/Desktop/IMG/left_2017_08_15_00_00_53_339.jpg,/Users/oyama/Desktop/IMG/right_2017_08_15_00_00_53_339.jpg,0,1,0,30.19022
/Users/oyama/Desktop/IMG/center_2017_08_15_00_00_53_409.jpg,/Users/oyama/Desktop/IMG/left_2017_08_15_00_00_53_409.jpg,/Users/oyama/Desktop/IMG/right_2017_08_15_00_00_53_409.jpg,0,1,0,30.19025
/Users/oyama/Desktop/IMG/center_2017_08_15_00_00_53_501.jpg,/Users/oyama/Desktop/IMG/left_2017_08_15_00_00_53_501.jpg,/Users/oyama/Desktop/IMG/right_2017_08_15_00_00_53_501.jpg,0,1,0,30.19061
/Users/oyama/Desktop/IMG/center_2017_08_15_00_00_53_589.jpg,/Users/oyama/Desktop/IMG/left_2017_08_15_00_00_53_589.jpg,/Users/oyama/Desktop/IMG/right_2017_08_15_00_00_53_589.jpg,0,1,0,30.19036
/Users/oyama/Desktop/IMG/center_2017_08_15_00_00_53_656.jpg,/Users/oyama/Desktop/IMG/left_2017_08_15_00_00_53_656.jpg,/Users/oyama/Desktop/IMG/right_2017_08_15_00_00_53_656.jpg,0,1,0,30.19032
/Users/oyama/Desktop/IMG/center_2017_08_15_00_00_53_743.jpg,/Users/oyama/Desktop/IMG/left_2017_08_15_00_00_53_743.jpg,/Users/oyama/Desktop/IMG/right_2017_08_15_00_00_53_743.jpg,0,1,0,30.19032
/Users/oyama/Desktop/IMG/center_2017_08_15_00_00_53_829.jpg,/Users/oyama/Desktop/IMG/left_2017_08_15_00_00_53_829.jpg,/Users/oyama/Desktop/IMG/right_2017_08_15_00_00_53_829.jpg,0,1,0,30.19033
/Users/oyama/Desktop/IMG/center_2017_08_15_00_00_53_907.jpg,/Users/oyama/Desktop/IMG/left_2017_08_15_00_00_53_907.jpg,/Users/oyama/Desktop/IMG/right_2017_08_15_00_00_53_907.jpg,0,1,0,30.19034
/Users/oyama/Desktop/IMG/center_2017_08_15_00_00_54_045.jpg,/Users/oyama/Desktop/IMG/left_2017_08_15_00_00_54_045.jpg,/Users/oyama/Desktop/IMG/right_2017_08_15_00_00_54_045.jpg,0,1,0,30.19033
/Users/oyama/Desktop/IMG/center_2017_08_15_00_00_54_126.jpg,/Users/oyama/Desktop/IMG/left_2017_08_15_00_00_54_126.jpg,/Users/oyama/Desktop/IMG/right_2017_08_15_00_00_54_126.jpg,0,1,0,30.19035
/Users/oyama/Desktop/IMG/center_2017_08_15_00_00_54_210.jpg,/Users/oyama/Desktop/IMG/left_2017_08_15_00_00_54_210.jpg,/Users/oyama/Desktop/IMG/right_2017_08_15_00_00_54_210.jpg,0,1,0,30.19031
/Users/oyama/Desktop/IMG/center_2017_08_15_00_00_54_297.jpg,/Users/oyama/Desktop/IMG/left_2017_08_15_00_00_54_297.jpg,/Users/oyama/Desktop/IMG/right_2017_08_15_00_00_54_297.jpg,0,1,0,30.19029
/Users/oyama/Desktop/IMG/center_2017_08_15_00_00_54_383.jpg,/Users/oyama/Desktop/IMG/left_2017_08_15_00_00_54_383.jpg,/Users/oyama/Desktop/IMG/right_2017_08_15_00_00_54_383.jpg,0,1,0,30.19034
/Users/oyama/Desktop/IMG/center_2017_08_15_00_00_54_468.jpg,/Users/oyama/Desktop/IMG/left_2017_08_15_00_00_54_468.jpg,/Users/oyama/Desktop/IMG/right_2017_08_15_00_00_54_468.jpg,0,1,0,30.19029
/Users/oyama/Desktop/IMG/center_2017_08_15_00_00_54_551.jpg,/Users/oyama/Desktop/IMG/left_2017_08_15_00_00_54_551.jpg,/Users/oyama/Desktop/IMG/right_2017_08_15_00_00_54_551.jpg,0,1,0,30.19029
/Users/oyama/Desktop/IMG/center_2017_08_15_00_00_54_629.jpg,/Users/oyama/Desktop/IMG/left_2017_08_15_00_00_54_629.jpg,/Users/oyama/Desktop/IMG/right_2017_08_15_00_00_54_629.jpg,0,1,0,30.19028
/Users/oyama/Desktop/IMG/center_2017_08_15_00_00_54_707.jpg,/Users/oyama/Desktop/IMG/left_2017_08_15_00_00_54_707.jpg,/Users/oyama/Desktop/IMG/right_2017_08_15_00_00_54_707.jpg,0,1,0,30.19032
/Users/oyama/Desktop/IMG/center_2017_08_15_00_00_54_783.jpg,/Users/oyama/Desktop/IMG/left_2017_08_15_00_00_54_783.jpg,/Users/oyama/Desktop/IMG/right_2017_08_15_00_00_54_783.jpg,0,1,0,30.19004
/Users/oyama/Desktop/IMG/center_2017_08_15_00_00_54_866.jpg,/Users/oyama/Desktop/IMG/left_2017_08_15_00_00_54_866.jpg,/Users/oyama/Desktop/IMG/right_2017_08_15_00_00_54_866.jpg,0,1,0,30.19027
/Users/oyama/Desktop/IMG/center_2017_08_15_00_00_54_948.jpg,/Users/oyama/Desktop/IMG/left_2017_08_15_00_00_54_948.jpg,/Users/oyama/Desktop/IMG/right_2017_08_15_00_00_54_948.jpg,0,1,0,30.19029
/Users/oyama/Desktop/IMG/center_2017_08_15_00_00_55_050.jpg,/Users/oyama/Desktop/IMG/left_2017_08_15_00_00_55_050.jpg,/Users/oyama/Desktop/IMG/right_2017_08_15_00_00_55_050.jpg,0,1,0,30.19029
/Users/oyama/Desktop/IMG/center_2017_08_15_00_00_55_123.jpg,/Users/oyama/Desktop/IMG/left_2017_08_15_00_00_55_123.jpg,/Users/oyama/Desktop/IMG/right_2017_08_15_00_00_55_123.jpg,0,1,0,30.19032
/Users/oyama/Desktop/IMG/center_2017_08_15_00_00_55_197.jpg,/Users/oyama/Desktop/IMG/left_2017_08_15_00_00_55_197.jpg,/Users/oyama/Desktop/IMG/right_2017_08_15_00_00_55_197.jpg,0,1,0,30.19034
/Users/oyama/Desktop/IMG/center_2017_08_15_00_00_55_272.jpg,/Users/oyama/Desktop/IMG/left_2017_08_15_00_00_55_272.jpg,/Users/oyama/Desktop/IMG/right_2017_08_15_00_00_55_272.jpg,0,1,0,30.19033
/Users/oyama/Desktop/IMG/center_2017_08_15_00_00_55_346.jpg,/Users/oyama/Desktop/IMG/left_2017_08_15_00_00_55_346.jpg,/Users/oyama/Desktop/IMG/right_2017_08_15_00_00_55_346.jpg,0,1,0,30.19031
/Users/oyama/Desktop/IMG/center_2017_08_15_00_00_55_422.jpg,/Users/oyama/Desktop/IMG/left_2017_08_15_00_00_55_422.jpg,/Users/oyama/Desktop/IMG/right_2017_08_15_00_00_55_422.jpg,0,1,0,30.1903
/Users/oyama/Desktop/IMG/center_2017_08_15_00_00_55_497.jpg,/Users/oyama/Desktop/IMG/left_2017_08_15_00_00_55_497.jpg,/Users/oyama/Desktop/IMG/right_2017_08_15_00_00_55_497.jpg,0,1,0,30.19027
/Users/oyama/Desktop/IMG/center_2017_08_15_00_00_55_571.jpg,/Users/oyama/Desktop/IMG/left_2017_08_15_00_00_55_571.jpg,/Users/oyama/Desktop/IMG/right_2017_08_15_00_00_55_571.jpg,-0.2,1,0,30.17985
/Users/oyama/Desktop/IMG/center_2017_08_15_00_00_55_648.jpg,/Users/oyama/Desktop/IMG/left_2017_08_15_00_00_55_648.jpg,/Users/oyama/Desktop/IMG/right_2017_08_15_00_00_55_648.jpg,-0.4,1,0,30.15759
/Users/oyama/Desktop/IMG/center_2017_08_15_00_00_55_722.jpg,/Users/oyama/Desktop/IMG/left_2017_08_15_00_00_55_722.jpg,/Users/oyama/Desktop/IMG/right_2017_08_15_00_00_55_722.jpg,-0.2358178,1,0,30.18889
/Users/oyama/Desktop/IMG/center_2017_08_15_00_00_55_801.jpg,/Users/oyama/Desktop/IMG/left_2017_08_15_00_00_55_801.jpg,/Users/oyama/Desktop/IMG/right_2017_08_15_00_00_55_801.jpg,0,1,0,30.18649
/Users/oyama/Desktop/IMG/center_2017_08_15_00_00_55_893.jpg,/Users/oyama/Desktop/IMG/left_2017_08_15_00_00_55_893.jpg,/Users/oyama/Desktop/IMG/right_2017_08_15_00_00_55_893.jpg,0,1,0,30.18962
/Users/oyama/Desktop/IMG/center_2017_08_15_00_00_55_961.jpg,/Users/oyama/Desktop/IMG/left_2017_08_15_00_00_55_961.jpg,/Users/oyama/Desktop/IMG/right_2017_08_15_00_00_55_961.jpg,0,1,0,30.19023
/Users/oyama/Desktop/IMG/center_2017_08_15_00_00_56_032.jpg,/Users/oyama/Desktop/IMG/left_2017_08_15_00_00_56_032.jpg,/Users/oyama/Desktop/IMG/right_2017_08_15_00_00_56_032.jpg,0,1,0,30.1903
/Users/oyama/Desktop/IMG/center_2017_08_15_00_00_56_134.jpg,/Users/oyama/Desktop/IMG/left_2017_08_15_00_00_56_134.jpg,/Users/oyama/Desktop/IMG/right_2017_08_15_00_00_56_134.jpg,0,1,0,30.19028
/Users/oyama/Desktop/IMG/center_2017_08_15_00_00_56_210.jpg,/Users/oyama/Desktop/IMG/left_2017_08_15_00_00_56_210.jpg,/Users/oyama/Desktop/IMG/right_2017_08_15_00_00_56_210.jpg,0,1,0,30.19032
/Users/oyama/Desktop/IMG/center_2017_08_15_00_00_56_291.jpg,/Users/oyama/Desktop/IMG/left_2017_08_15_00_00_56_291.jpg,/Users/oyama/Desktop/IMG/right_2017_08_15_00_00_56_291.jpg,0,1,0,30.1903
/Users/oyama/Desktop/IMG/center_2017_08_15_00_00_56_362.jpg,/Users/oyama/Desktop/IMG/left_2017_08_15_00_00_56_362.jpg,/Users/oyama/Desktop/IMG/right_2017_08_15_00_00_56_362.jpg,0,1,0,30.19031
/Users/oyama/Desktop/IMG/center_2017_08_15_00_00_56_456.jpg,/Users/oyama/Desktop/IMG/left_2017_08_15_00_00_56_456.jpg,/Users/oyama/Desktop/IMG/right_2017_08_15_00_00_56_456.jpg,0,1,0,30.19028
/Users/oyama/Desktop/IMG/center_2017_08_15_00_00_56_550.jpg,/Users/oyama/Desktop/IMG/left_2017_08_15_00_00_56_550.jpg,/Users/oyama/Desktop/IMG/right_2017_08_15_00_00_56_550.jpg,0,1,0,30.19028
/Users/oyama/Desktop/IMG/center_2017_08_15_00_00_56_633.jpg,/Users/oyama/Desktop/IMG/left_2017_08_15_00_00_56_633.jpg,/Users/oyama/Desktop/IMG/right_2017_08_15_00_00_56_633.jpg,0,1,0,30.19031
/Users/oyama/Desktop/IMG/center_2017_08_15_00_00_56_720.jpg,/Users/oyama/Desktop/IMG/left_2017_08_15_00_00_56_720.jpg,/Users/oyama/Desktop/IMG/right_2017_08_15_00_00_56_720.jpg,0,1,0,30.19028
/Users/oyama/Desktop/IMG/center_2017_08_15_00_00_56_814.jpg,/Users/oyama/Desktop/IMG/left_2017_08_15_00_00_56_814.jpg,/Users/oyama/Desktop/IMG/right_2017_08_15_00_00_56_814.jpg,0,1,0,30.1903
/Users/oyama/Desktop/IMG/center_2017_08_15_00_00_56_903.jpg,/Users/oyama/Desktop/IMG/left_2017_08_15_00_00_56_903.jpg,/Users/oyama/Desktop/IMG/right_2017_08_15_00_00_56_903.jpg,0,1,0,30.1903
/Users/oyama/Desktop/IMG/center_2017_08_15_00_00_57_036.jpg,/Users/oyama/Desktop/IMG/left_2017_08_15_00_00_57_036.jpg,/Users/oyama/Desktop/IMG/right_2017_08_15_00_00_57_036.jpg,0,1,0,30.19031
/Users/oyama/Desktop/IMG/center_2017_08_15_00_00_57_129.jpg,/Users/oyama/Desktop/IMG/left_2017_08_15_00_00_57_129.jpg,/Users/oyama/Desktop/IMG/right_2017_08_15_00_00_57_129.jpg,0,1,0,30.19033
/Users/oyama/Desktop/IMG/center_2017_08_15_00_00_57_200.jpg,/Users/oyama/Desktop/IMG/left_2017_08_15_00_00_57_200.jpg,/Users/oyama/Desktop/IMG/right_2017_08_15_00_00_57_200.jpg,0,1,0,30.19028
/Users/oyama/Desktop/IMG/center_2017_08_15_00_00_57_286.jpg,/Users/oyama/Desktop/IMG/left_2017_08_15_00_00_57_286.jpg,/Users/oyama/Desktop/IMG/right_2017_08_15_00_00_57_286.jpg,0,1,0,30.19018
/Users/oyama/Desktop/IMG/center_2017_08_15_00_00_57_380.jpg,/Users/oyama/Desktop/IMG/left_2017_08_15_00_00_57_380.jpg,/Users/oyama/Desktop/IMG/right_2017_08_15_00_00_57_380.jpg,0,1,0,30.1903
/Users/oyama/Desktop/IMG/center_2017_08_15_00_00_57_459.jpg,/Users/oyama/Desktop/IMG/left_2017_08_15_00_00_57_459.jpg,/Users/oyama/Desktop/IMG/right_2017_08_15_00_00_57_459.jpg,0,1,0,30.19034
/Users/oyama/Desktop/IMG/center_2017_08_15_00_00_57_537.jpg,/Users/oyama/Desktop/IMG/left_2017_08_15_00_00_57_537.jpg,/Users/oyama/Desktop/IMG/right_2017_08_15_00_00_57_537.jpg,0,1,0,30.19029
/Users/oyama/Desktop/IMG/center_2017_08_15_00_00_57_619.jpg,/Users/oyama/Desktop/IMG/left_2017_08_15_00_00_57_619.jpg,/Users/oyama/Desktop/IMG/right_2017_08_15_00_00_57_619.jpg,0,1,0,30.19035
/Users/oyama/Desktop/IMG/center_2017_08_15_00_00_57_697.jpg,/Users/oyama/Desktop/IMG/left_2017_08_15_00_00_57_697.jpg,/Users/oyama/Desktop/IMG/right_2017_08_15_00_00_57_697.jpg,0,1,0,30.19032
/Users/oyama/Desktop/IMG/center_2017_08_15_00_00_57_771.jpg,/Users/oyama/Desktop/IMG/left_2017_08_15_00_00_57_771.jpg,/Users/oyama/Desktop/IMG/right_2017_08_15_00_00_57_771.jpg,0,1,0,30.19028
/Users/oyama/Desktop/IMG/center_2017_08_15_00_00_57_858.jpg,/Users/oyama/Desktop/IMG/left_2017_08_15_00_00_57_858.jpg,/Users/oyama/Desktop/IMG/right_2017_08_15_00_00_57_858.jpg,0,1,0,30.19029
/Users/oyama/Desktop/IMG/center_2017_08_15_00_00_57_945.jpg,/Users/oyama/Desktop/IMG/left_2017_08_15_00_00_57_945.jpg,/Users/oyama/Desktop/IMG/right_2017_08_15_00_00_57_945.jpg,0,1,0,30.1903
/Users/oyama/Desktop/IMG/center_2017_08_15_00_00_58_056.jpg,/Users/oyama/Desktop/IMG/left_2017_08_15_00_00_58_056.jpg,/Users/oyama/Desktop/IMG/right_2017_08_15_00_00_58_056.jpg,0,1,0,30.19026
/Users/oyama/Desktop/IMG/center_2017_08_15_00_00_58_200.jpg,/Users/oyama/Desktop/IMG/left_2017_08_15_00_00_58_200.jpg,/Users/oyama/Desktop/IMG/right_2017_08_15_00_00_58_200.jpg,0,0.7679619,0,30.15237
