/Users/oyama/Documents/GitHub/CarND-Behavioral-Cloning-P3/data/IMG/center_2017_08_20_16_48_45_047.jpg,/Users/oyama/Documents/GitHub/CarND-Behavioral-Cloning-P3/data/IMG/left_2017_08_20_16_48_45_047.jpg,/Users/oyama/Documents/GitHub/CarND-Behavioral-Cloning-P3/data/IMG/right_2017_08_20_16_48_45_047.jpg,0,0,0,1.285187E-06
/Users/oyama/Documents/GitHub/CarND-Behavioral-Cloning-P3/data/IMG/center_2017_08_20_16_48_45_119.jpg,/Users/oyama/Documents/GitHub/CarND-Behavioral-Cloning-P3/data/IMG/left_2017_08_20_16_48_45_119.jpg,/Users/oyama/Documents/GitHub/CarND-Behavioral-Cloning-P3/data/IMG/right_2017_08_20_16_48_45_119.jpg,0,0,0,3.569275E-06
/Users/oyama/Documents/GitHub/CarND-Behavioral-Cloning-P3/data/IMG/center_2017_08_20_16_48_45_187.jpg,/Users/oyama/Documents/GitHub/CarND-Behavioral-Cloning-P3/data/IMG/left_2017_08_20_16_48_45_187.jpg,/Users/oyama/Documents/GitHub/CarND-Behavioral-Cloning-P3/data/IMG/right_2017_08_20_16_48_45_187.jpg,0,0,0,2.971054E-06
/Users/oyama/Documents/GitHub/CarND-Behavioral-Cloning-P3/data/IMG/center_2017_08_20_16_48_45_269.jpg,/Users/oyama/Documents/GitHub/CarND-Behavioral-Cloning-P3/data/IMG/left_2017_08_20_16_48_45_269.jpg,/Users/oyama/Documents/GitHub/CarND-Behavioral-Cloning-P3/data/IMG/right_2017_08_20_16_48_45_269.jpg,0,0,0,1.843566E-06
/Users/oyama/Documents/GitHub/CarND-Behavioral-Cloning-P3/data/IMG/center_2017_08_20_16_48_45_336.jpg,/Users/oyama/Documents/GitHub/CarND-Behavioral-Cloning-P3/data/IMG/left_2017_08_20_16_48_45_336.jpg,/Users/oyama/Documents/GitHub/CarND-Behavioral-Cloning-P3/data/IMG/right_2017_08_20_16_48_45_336.jpg,0,0,0,7.315518E-07
/Users/oyama/Documents/GitHub/CarND-Behavioral-Cloning-P3/data/IMG/center_2017_08_20_16_48_45_412.jpg,/Users/oyama/Documents/GitHub/CarND-Behavioral-Cloning-P3/data/IMG/left_2017_08_20_16_48_45_412.jpg,/Users/oyama/Documents/GitHub/CarND-Behavioral-Cloning-P3/data/IMG/right_2017_08_20_16_48_45_412.jpg,0,0,0,2.359124E-07
/Users/oyama/Documents/GitHub/CarND-Behavioral-Cloning-P3/data/IMG/center_2017_08_20_16_48_45_481.jpg,/Users/oyama/Documents/GitHub/CarND-Behavioral-Cloning-P3/data/IMG/left_2017_08_20_16_48_45_481.jpg,/Users/oyama/Documents/GitHub/CarND-Behavioral-Cloning-P3/data/IMG/right_2017_08_20_16_48_45_481.jpg,0,0,0,1.042625E-06
/Users/oyama/Documents/GitHub/CarND-Behavioral-Cloning-P3/data/IMG/center_2017_08_20_16_48_45_560.jpg,/Users/oyama/Documents/GitHub/CarND-Behavioral-Cloning-P3/data/IMG/left_2017_08_20_16_48_45_560.jpg,/Users/oyama/Documents/GitHub/CarND-Behavioral-Cloning-P3/data/IMG/right_2017_08_20_16_48_45_560.jpg,0,0,0,1.371524E-06
/Users/oyama/Documents/GitHub/CarND-Behavioral-Cloning-P3/data/IMG/center_2017_08_20_16_48_45_629.jpg,/Users/oyama/Documents/GitHub/CarND-Behavioral-Cloning-P3/data/IMG/left_2017_08_20_16_48_45_629.jpg,/Users/oyama/Documents/GitHub/CarND-Behavioral-Cloning-P3/data/IMG/right_2017_08_20_16_48_45_629.jpg,0,0,0,2.165188E-06
/Users/oyama/Documents/GitHub/CarND-Behavioral-Cloning-P3/data/IMG/center_2017_08_20_16_48_45_706.jpg,/Users/oyama/Documents/GitHub/CarND-Behavioral-Cloning-P3/data/IMG/left_2017_08_20_16_48_45_706.jpg,/Users/oyama/Documents/GitHub/CarND-Behavioral-Cloning-P3/data/IMG/right_2017_08_20_16_48_45_706.jpg,0,0,0,5.687339E-06
/Users/oyama/Documents/GitHub/CarND-Behavioral-Cloning-P3/data/IMG/center_2017_08_20_16_48_45_783.jpg,/Users/oyama/Documents/GitHub/CarND-Behavioral-Cloning-P3/data/IMG/left_2017_08_20_16_48_45_783.jpg,/Users/oyama/Documents/GitHub/CarND-Behavioral-Cloning-P3/data/IMG/right_2017_08_20_16_48_45_783.jpg,0,0,0,4.289555E-06
/Users/oyama/Documents/GitHub/CarND-Behavioral-Cloning-P3/data/IMG/center_2017_08_20_16_48_45_862.jpg,/Users/oyama/Documents/GitHub/CarND-Behavioral-Cloning-P3/data/IMG/left_2017_08_20_16_48_45_862.jpg,/Users/oyama/Documents/GitHub/CarND-Behavioral-Cloning-P3/data/IMG/right_2017_08_20_16_48_45_862.jpg,0,0,0,5.153618E-06
/Users/oyama/Documents/GitHub/CarND-Behavioral-Cloning-P3/data/IMG/center_2017_08_20_16_48_45_939.jpg,/Users/oyama/Documents/GitHub/CarND-Behavioral-Cloning-P3/data/IMG/left_2017_08_20_16_48_45_939.jpg,/Users/oyama/Documents/GitHub/CarND-Behavioral-Cloning-P3/data/IMG/right_2017_08_20_16_48_45_939.jpg,0,0,0,6.017924E-06
/Users/oyama/Documents/GitHub/CarND-Behavioral-Cloning-P3/data/IMG/center_2017_08_20_16_48_46_019.jpg,/Users/oyama/Documents/GitHub/CarND-Behavioral-Cloning-P3/data/IMG/left_2017_08_20_16_48_46_019.jpg,/Users/oyama/Documents/GitHub/CarND-Behavioral-Cloning-P3/data/IMG/right_2017_08_20_16_48_46_019.jpg,0,0,0,6.283832E-06
/Users/oyama/Documents/GitHub/CarND-Behavioral-Cloning-P3/data/IMG/center_2017_08_20_16_48_46_097.jpg,/Users/oyama/Documents/GitHub/CarND-Behavioral-Cloning-P3/data/IMG/left_2017_08_20_16_48_46_097.jpg,/Users/oyama/Documents/GitHub/CarND-Behavioral-Cloning-P3/data/IMG/right_2017_08_20_16_48_46_097.jpg,0,0,0,5.752564E-06
/Users/oyama/Documents/GitHub/CarND-Behavioral-Cloning-P3/data/IMG/center_2017_08_20_16_48_46_167.jpg,/Users/oyama/Documents/GitHub/CarND-Behavioral-Cloning-P3/data/IMG/left_2017_08_20_16_48_46_167.jpg,/Users/oyama/Documents/GitHub/CarND-Behavioral-Cloning-P3/data/IMG/right_2017_08_20_16_48_46_167.jpg,0,0,0,5.752957E-06
/Users/oyama/Documents/GitHub/CarND-Behavioral-Cloning-P3/data/IMG/center_2017_08_20_16_48_46_236.jpg,/Users/oyama/Documents/GitHub/CarND-Behavioral-Cloning-P3/data/IMG/left_2017_08_20_16_48_46_236.jpg,/Users/oyama/Documents/GitHub/CarND-Behavioral-Cloning-P3/data/IMG/right_2017_08_20_16_48_46_236.jpg,0,0,0,5.853167E-06
/Users/oyama/Documents/GitHub/CarND-Behavioral-Cloning-P3/data/IMG/center_2017_08_20_16_48_46_306.jpg,/Users/oyama/Documents/GitHub/CarND-Behavioral-Cloning-P3/data/IMG/left_2017_08_20_16_48_46_306.jpg,/Users/oyama/Documents/GitHub/CarND-Behavioral-Cloning-P3/data/IMG/right_2017_08_20_16_48_46_306.jpg,0,0,0,5.952405E-06
/Users/oyama/Documents/GitHub/CarND-Behavioral-Cloning-P3/data/IMG/center_2017_08_20_16_48_46_377.jpg,/Users/oyama/Documents/GitHub/CarND-Behavioral-Cloning-P3/data/IMG/left_2017_08_20_16_48_46_377.jpg,/Users/oyama/Documents/GitHub/CarND-Behavioral-Cloning-P3/data/IMG/right_2017_08_20_16_48_46_377.jpg,0,0,0,6.284401E-06
/Users/oyama/Documents/GitHub/CarND-Behavioral-Cloning-P3/data/IMG/center_2017_08_20_16_48_46_464.jpg,/Users/oyama/Documents/GitHub/CarND-Behavioral-Cloning-P3/data/IMG/left_2017_08_20_16_48_46_464.jpg,/Users/oyama/Documents/GitHub/CarND-Behavioral-Cloning-P3/data/IMG/right_2017_08_20_16_48_46_464.jpg,0,0,0,5.885161E-06
/Users/oyama/Documents/GitHub/CarND-Behavioral-Cloning-P3/data/IMG/center_2017_08_20_16_48_46_549.jpg,/Users/oyama/Documents/GitHub/CarND-Behavioral-Cloning-P3/data/IMG/left_2017_08_20_16_48_46_549.jpg,/Users/oyama/Documents/GitHub/CarND-Behavioral-Cloning-P3/data/IMG/right_2017_08_20_16_48_46_549.jpg,0,0,0,5.020807E-06
/Users/oyama/Documents/GitHub/CarND-Behavioral-Cloning-P3/data/IMG/center_2017_08_20_16_48_46_630.jpg,/Users/oyama/Documents/GitHub/CarND-Behavioral-Cloning-P3/data/IMG/left_2017_08_20_16_48_46_630.jpg,/Users/oyama/Documents/GitHub/CarND-Behavioral-Cloning-P3/data/IMG/right_2017_08_20_16_48_46_630.jpg,0,0,0,3.626E-06
/Users/oyama/Documents/GitHub/CarND-Behavioral-Cloning-P3/data/IMG/center_2017_08_20_16_48_46_698.jpg,/Users/oyama/Documents/GitHub/CarND-Behavioral-Cloning-P3/data/IMG/left_2017_08_20_16_48_46_698.jpg,/Users/oyama/Documents/GitHub/CarND-Behavioral-Cloning-P3/data/IMG/right_2017_08_20_16_48_46_698.jpg,0,0,0,2.631316E-06
/Users/oyama/Documents/GitHub/CarND-Behavioral-Cloning-P3/data/IMG/center_2017_08_20_16_48_46_765.jpg,/Users/oyama/Documents/GitHub/CarND-Behavioral-Cloning-P3/data/IMG/left_2017_08_20_16_48_46_765.jpg,/Users/oyama/Documents/GitHub/CarND-Behavioral-Cloning-P3/data/IMG/right_2017_08_20_16_48_46_765.jpg,0,0,0,1.969603E-06
/Users/oyama/Documents/GitHub/CarND-Behavioral-Cloning-P3/data/IMG/center_2017_08_20_16_48_46_846.jpg,/Users/oyama/Documents/GitHub/CarND-Behavioral-Cloning-P3/data/IMG/left_2017_08_20_16_48_46_846.jpg,/Users/oyama/Documents/GitHub/CarND-Behavioral-Cloning-P3/data/IMG/right_2017_08_20_16_48_46_846.jpg,0,0,0,1.179117E-06
/Users/oyama/Documents/GitHub/CarND-Behavioral-Cloning-P3/data/IMG/center_2017_08_20_16_48_46_930.jpg,/Users/oyama/Documents/GitHub/CarND-Behavioral-Cloning-P3/data/IMG/left_2017_08_20_16_48_46_930.jpg,/Users/oyama/Documents/GitHub/CarND-Behavioral-Cloning-P3/data/IMG/right_2017_08_20_16_48_46_930.jpg,0,0,0,3.127371E-07
/Users/oyama/Documents/GitHub/CarND-Behavioral-Cloning-P3/data/IMG/center_2017_08_20_16_48_47_002.jpg,/Users/oyama/Documents/GitHub/CarND-Behavioral-Cloning-P3/data/IMG/left_2017_08_20_16_48_47_002.jpg,/Users/oyama/Documents/GitHub/CarND-Behavioral-Cloning-P3/data/IMG/right_2017_08_20_16_48_47_002.jpg,0,0,0,8.002826E-07
/Users/oyama/Documents/GitHub/CarND-Behavioral-Cloning-P3/data/IMG/center_2017_08_20_16_48_47_089.jpg,/Users/oyama/Documents/GitHub/CarND-Behavioral-Cloning-P3/data/IMG/left_2017_08_20_16_48_47_089.jpg,/Users/oyama/Documents/GitHub/CarND-Behavioral-Cloning-P3/data/IMG/right_2017_08_20_16_48_47_089.jpg,0,0,0,1.715991E-06
/Users/oyama/Documents/GitHub/CarND-Behavioral-Cloning-P3/data/IMG/center_2017_08_20_16_48_47_163.jpg,/Users/oyama/Documents/GitHub/CarND-Behavioral-Cloning-P3/data/IMG/left_2017_08_20_16_48_47_163.jpg,/Users/oyama/Documents/GitHub/CarND-Behavioral-Cloning-P3/data/IMG/right_2017_08_20_16_48_47_163.jpg,0,0,0,2.177911E-06
/Users/oyama/Documents/GitHub/CarND-Behavioral-Cloning-P3/data/IMG/center_2017_08_20_16_48_47_235.jpg,/Users/oyama/Documents/GitHub/CarND-Behavioral-Cloning-P3/data/IMG/left_2017_08_20_16_48_47_235.jpg,/Users/oyama/Documents/GitHub/CarND-Behavioral-Cloning-P3/data/IMG/right_2017_08_20_16_48_47_235.jpg,0,0,0,2.575232E-06
/Users/oyama/Documents/GitHub/CarND-Behavioral-Cloning-P3/data/IMG/center_2017_08_20_16_48_47_304.jpg,/Users/oyama/Documents/GitHub/CarND-Behavioral-Cloning-P3/data/IMG/left_2017_08_20_16_48_47_304.jpg,/Users/oyama/Documents/GitHub/CarND-Behavioral-Cloning-P3/data/IMG/right_2017_08_20_16_48_47_304.jpg,0,0,0,3.770086E-06
/Users/oyama/Documents/GitHub/CarND-Behavioral-Cloning-P3/data/IMG/center_2017_08_20_16_48_47_372.jpg,/Users/oyama/Documents/GitHub/CarND-Behavioral-Cloning-P3/data/IMG/left_2017_08_20_16_48_47_372.jpg,/Users/oyama/Documents/GitHub/CarND-Behavioral-Cloning-P3/data/IMG/right_2017_08_20_16_48_47_372.jpg,0,0,0,4.30143E-06
/Users/oyama/Documents/GitHub/CarND-Behavioral-Cloning-P3/data/IMG/center_2017_08_20_16_48_47_440.jpg,/Users/oyama/Documents/GitHub/CarND-Behavioral-Cloning-P3/data/IMG/left_2017_08_20_16_48_47_440.jpg,/Users/oyama/Documents/GitHub/CarND-Behavioral-Cloning-P3/data/IMG/right_2017_08_20_16_48_47_440.jpg,0,0,0,4.833038E-06
/Users/oyama/Documents/GitHub/CarND-Behavioral-Cloning-P3/data/IMG/center_2017_08_20_16_48_47_509.jpg,/Users/oyama/Documents/GitHub/CarND-Behavioral-Cloning-P3/data/IMG/left_2017_08_20_16_48_47_509.jpg,/Users/oyama/Documents/GitHub/CarND-Behavioral-Cloning-P3/data/IMG/right_2017_08_20_16_48_47_509.jpg,0,0,0,5.497692E-06
/Users/oyama/Documents/GitHub/CarND-Behavioral-Cloning-P3/data/IMG/center_2017_08_20_16_48_47_578.jpg,/Users/oyama/Documents/GitHub/CarND-Behavioral-Cloning-P3/data/IMG/left_2017_08_20_16_48_47_578.jpg,/Users/oyama/Documents/GitHub/CarND-Behavioral-Cloning-P3/data/IMG/right_2017_08_20_16_48_47_578.jpg,0,0,0,8.626325E-07
/Users/oyama/Documents/GitHub/CarND-Behavioral-Cloning-P3/data/IMG/center_2017_08_20_16_48_47_646.jpg,/Users/oyama/Documents/GitHub/CarND-Behavioral-Cloning-P3/data/IMG/left_2017_08_20_16_48_47_646.jpg,/Users/oyama/Documents/GitHub/CarND-Behavioral-Cloning-P3/data/IMG/right_2017_08_20_16_48_47_646.jpg,0,0,0,5.630114E-06
/Users/oyama/Documents/GitHub/CarND-Behavioral-Cloning-P3/data/IMG/center_2017_08_20_16_48_47_713.jpg,/Users/oyama/Documents/GitHub/CarND-Behavioral-Cloning-P3/data/IMG/left_2017_08_20_16_48_47_713.jpg,/Users/oyama/Documents/GitHub/CarND-Behavioral-Cloning-P3/data/IMG/right_2017_08_20_16_48_47_713.jpg,0,0,0,6.029023E-06
/Users/oyama/Documents/GitHub/CarND-Behavioral-Cloning-P3/data/IMG/center_2017_08_20_16_48_47_793.jpg,/Users/oyama/Documents/GitHub/CarND-Behavioral-Cloning-P3/data/IMG/left_2017_08_20_16_48_47_793.jpg,/Users/oyama/Documents/GitHub/CarND-Behavioral-Cloning-P3/data/IMG/right_2017_08_20_16_48_47_793.jpg,0,0,0,6.560967E-06
/Users/oyama/Documents/GitHub/CarND-Behavioral-Cloning-P3/data/IMG/center_2017_08_20_16_48_47_872.jpg,/Users/oyama/Documents/GitHub/CarND-Behavioral-Cloning-P3/data/IMG/left_2017_08_20_16_48_47_872.jpg,/Users/oyama/Documents/GitHub/CarND-Behavioral-Cloning-P3/data/IMG/right_2017_08_20_16_48_47_872.jpg,0,0,0,4.032828E-06
/Users/oyama/Documents/GitHub/CarND-Behavioral-Cloning-P3/data/IMG/center_2017_08_20_16_48_47_943.jpg,/Users/oyama/Documents/GitHub/CarND-Behavioral-Cloning-P3/data/IMG/left_2017_08_20_16_48_47_943.jpg,/Users/oyama/Documents/GitHub/CarND-Behavioral-Cloning-P3/data/IMG/right_2017_08_20_16_48_47_943.jpg,0,0,0,2.204414E-06
/Users/oyama/Documents/GitHub/CarND-Behavioral-Cloning-P3/data/IMG/center_2017_08_20_16_48_48_020.jpg,/Users/oyama/Documents/GitHub/CarND-Behavioral-Cloning-P3/data/IMG/left_2017_08_20_16_48_48_020.jpg,/Users/oyama/Documents/GitHub/CarND-Behavioral-Cloning-P3/data/IMG/right_2017_08_20_16_48_48_020.jpg,0,0,0,3.104248E-06
/Users/oyama/Documents/GitHub/CarND-Behavioral-Cloning-P3/data/IMG/center_2017_08_20_16_48_48_099.jpg,/Users/oyama/Documents/GitHub/CarND-Behavioral-Cloning-P3/data/IMG/left_2017_08_20_16_48_48_099.jpg,/Users/oyama/Documents/GitHub/CarND-Behavioral-Cloning-P3/data/IMG/right_2017_08_20_16_48_48_099.jpg,0,0,0,2.306845E-06
/Users/oyama/Documents/GitHub/CarND-Behavioral-Cloning-P3/data/IMG/center_2017_08_20_16_48_48_178.jpg,/Users/oyama/Documents/GitHub/CarND-Behavioral-Cloning-P3/data/IMG/left_2017_08_20_16_48_48_178.jpg,/Users/oyama/Documents/GitHub/CarND-Behavioral-Cloning-P3/data/IMG/right_2017_08_20_16_48_48_178.jpg,0,0,0,1.020701E-06
/Users/oyama/Documents/GitHub/CarND-Behavioral-Cloning-P3/data/IMG/center_2017_08_20_16_48_48_260.jpg,/Users/oyama/Documents/GitHub/CarND-Behavioral-Cloning-P3/data/IMG/left_2017_08_20_16_48_48_260.jpg,/Users/oyama/Documents/GitHub/CarND-Behavioral-Cloning-P3/data/IMG/right_2017_08_20_16_48_48_260.jpg,0,0,0,5.063337E-07
/Users/oyama/Documents/GitHub/CarND-Behavioral-Cloning-P3/data/IMG/center_2017_08_20_16_48_48_341.jpg,/Users/oyama/Documents/GitHub/CarND-Behavioral-Cloning-P3/data/IMG/left_2017_08_20_16_48_48_341.jpg,/Users/oyama/Documents/GitHub/CarND-Behavioral-Cloning-P3/data/IMG/right_2017_08_20_16_48_48_341.jpg,0,0,0,1.048419E-06
/Users/oyama/Documents/GitHub/CarND-Behavioral-Cloning-P3/data/IMG/center_2017_08_20_16_48_48_409.jpg,/Users/oyama/Documents/GitHub/CarND-Behavioral-Cloning-P3/data/IMG/left_2017_08_20_16_48_48_409.jpg,/Users/oyama/Documents/GitHub/CarND-Behavioral-Cloning-P3/data/IMG/right_2017_08_20_16_48_48_409.jpg,0,0,0,1.146536E-06
/Users/oyama/Documents/GitHub/CarND-Behavioral-Cloning-P3/data/IMG/center_2017_08_20_16_48_48_478.jpg,/Users/oyama/Documents/GitHub/CarND-Behavioral-Cloning-P3/data/IMG/left_2017_08_20_16_48_48_478.jpg,/Users/oyama/Documents/GitHub/CarND-Behavioral-Cloning-P3/data/IMG/right_2017_08_20_16_48_48_478.jpg,0,0,0,1.376985E-06
/Users/oyama/Documents/GitHub/CarND-Behavioral-Cloning-P3/data/IMG/center_2017_08_20_16_48_48_562.jpg,/Users/oyama/Documents/GitHub/CarND-Behavioral-Cloning-P3/data/IMG/left_2017_08_20_16_48_48_562.jpg,/Users/oyama/Documents/GitHub/CarND-Behavioral-Cloning-P3/data/IMG/right_2017_08_20_16_48_48_562.jpg,0,0,0,2.234075E-06
/Users/oyama/Documents/GitHub/CarND-Behavioral-Cloning-P3/data/IMG/center_2017_08_20_16_48_48_643.jpg,/Users/oyama/Documents/GitHub/CarND-Behavioral-Cloning-P3/data/IMG/left_2017_08_20_16_48_48_643.jpg,/Users/oyama/Documents/GitHub/CarND-Behavioral-Cloning-P3/data/IMG/right_2017_08_20_16_48_48_643.jpg,0,0,0,3.232846E-06
/Users/oyama/Documents/GitHub/CarND-Behavioral-Cloning-P3/data/IMG/center_2017_08_20_16_48_48_719.jpg,/Users/oyama/Documents/GitHub/CarND-Behavioral-Cloning-P3/data/IMG/left_2017_08_20_16_48_48_719.jpg,/Users/oyama/Documents/GitHub/CarND-Behavioral-Cloning-P3/data/IMG/right_2017_08_20_16_48_48_719.jpg,0,0,0,2.035156E-06
/Users/oyama/Documents/GitHub/CarND-Behavioral-Cloning-P3/data/IMG/center_2017_08_20_16_48_48_795.jpg,/Users/oyama/Documents/GitHub/CarND-Behavioral-Cloning-P3/data/IMG/left_2017_08_20_16_48_48_795.jpg,/Users/oyama/Documents/GitHub/CarND-Behavioral-Cloning-P3/data/IMG/right_2017_08_20_16_48_48_795.jpg,0,0,0,2.200297E-06
/Users/oyama/Documents/GitHub/CarND-Behavioral-Cloning-P3/data/IMG/center_2017_08_20_16_48_48_873.jpg,/Users/oyama/Documents/GitHub/CarND-Behavioral-Cloning-P3/data/IMG/left_2017_08_20_16_48_48_873.jpg,/Users/oyama/Documents/GitHub/CarND-Behavioral-Cloning-P3/data/IMG/right_2017_08_20_16_48_48_873.jpg,0,0,0,2.532491E-06
/Users/oyama/Documents/GitHub/CarND-Behavioral-Cloning-P3/data/IMG/center_2017_08_20_16_48_48_941.jpg,/Users/oyama/Documents/GitHub/CarND-Behavioral-Cloning-P3/data/IMG/left_2017_08_20_16_48_48_941.jpg,/Users/oyama/Documents/GitHub/CarND-Behavioral-Cloning-P3/data/IMG/right_2017_08_20_16_48_48_941.jpg,0,0,0,2.964079E-06
/Users/oyama/Documents/GitHub/CarND-Behavioral-Cloning-P3/data/IMG/center_2017_08_20_16_48_49_010.jpg,/Users/oyama/Documents/GitHub/CarND-Behavioral-Cloning-P3/data/IMG/left_2017_08_20_16_48_49_010.jpg,/Users/oyama/Documents/GitHub/CarND-Behavioral-Cloning-P3/data/IMG/right_2017_08_20_16_48_49_010.jpg,0,0,0,3.494135E-06
/Users/oyama/Documents/GitHub/CarND-Behavioral-Cloning-P3/data/IMG/center_2017_08_20_16_48_49_078.jpg,/Users/oyama/Documents/GitHub/CarND-Behavioral-Cloning-P3/data/IMG/left_2017_08_20_16_48_49_078.jpg,/Users/oyama/Documents/GitHub/CarND-Behavioral-Cloning-P3/data/IMG/right_2017_08_20_16_48_49_078.jpg,0,0,0,2.829552E-06
/Users/oyama/Documents/GitHub/CarND-Behavioral-Cloning-P3/data/IMG/center_2017_08_20_16_48_49_158.jpg,/Users/oyama/Documents/GitHub/CarND-Behavioral-Cloning-P3/data/IMG/left_2017_08_20_16_48_49_158.jpg,/Users/oyama/Documents/GitHub/CarND-Behavioral-Cloning-P3/data/IMG/right_2017_08_20_16_48_49_158.jpg,0,0,0,3.029365E-06
/Users/oyama/Documents/GitHub/CarND-Behavioral-Cloning-P3/data/IMG/center_2017_08_20_16_48_49_233.jpg,/Users/oyama/Documents/GitHub/CarND-Behavioral-Cloning-P3/data/IMG/left_2017_08_20_16_48_49_233.jpg,/Users/oyama/Documents/GitHub/CarND-Behavioral-Cloning-P3/data/IMG/right_2017_08_20_16_48_49_233.jpg,0,0,0,2.930894E-06
/Users/oyama/Documents/GitHub/CarND-Behavioral-Cloning-P3/data/IMG/center_2017_08_20_16_48_49_301.jpg,/Users/oyama/Documents/GitHub/CarND-Behavioral-Cloning-P3/data/IMG/left_2017_08_20_16_48_49_301.jpg,/Users/oyama/Documents/GitHub/CarND-Behavioral-Cloning-P3/data/IMG/right_2017_08_20_16_48_49_301.jpg,0,0,0,3.759499E-06
/Users/oyama/Documents/GitHub/CarND-Behavioral-Cloning-P3/data/IMG/center_2017_08_20_16_48_49_368.jpg,/Users/oyama/Documents/GitHub/CarND-Behavioral-Cloning-P3/data/IMG/left_2017_08_20_16_48_49_368.jpg,/Users/oyama/Documents/GitHub/CarND-Behavioral-Cloning-P3/data/IMG/right_2017_08_20_16_48_49_368.jpg,0,0,0,4.423161E-06
/Users/oyama/Documents/GitHub/CarND-Behavioral-Cloning-P3/data/IMG/center_2017_08_20_16_48_49_458.jpg,/Users/oyama/Documents/GitHub/CarND-Behavioral-Cloning-P3/data/IMG/left_2017_08_20_16_48_49_458.jpg,/Users/oyama/Documents/GitHub/CarND-Behavioral-Cloning-P3/data/IMG/right_2017_08_20_16_48_49_458.jpg,0,0,0,2.695848E-06
/Users/oyama/Documents/GitHub/CarND-Behavioral-Cloning-P3/data/IMG/center_2017_08_20_16_48_49_533.jpg,/Users/oyama/Documents/GitHub/CarND-Behavioral-Cloning-P3/data/IMG/left_2017_08_20_16_48_49_533.jpg,/Users/oyama/Documents/GitHub/CarND-Behavioral-Cloning-P3/data/IMG/right_2017_08_20_16_48_49_533.jpg,0,0,0,1.901199E-06
/Users/oyama/Documents/GitHub/CarND-Behavioral-Cloning-P3/data/IMG/center_2017_08_20_16_48_49_606.jpg,/Users/oyama/Documents/GitHub/CarND-Behavioral-Cloning-P3/data/IMG/left_2017_08_20_16_48_49_606.jpg,/Users/oyama/Documents/GitHub/CarND-Behavioral-Cloning-P3/data/IMG/right_2017_08_20_16_48_49_606.jpg,0,0,0,8.530751E-07
/Users/oyama/Documents/GitHub/CarND-Behavioral-Cloning-P3/data/IMG/center_2017_08_20_16_48_49_681.jpg,/Users/oyama/Documents/GitHub/CarND-Behavioral-Cloning-P3/data/IMG/left_2017_08_20_16_48_49_681.jpg,/Users/oyama/Documents/GitHub/CarND-Behavioral-Cloning-P3/data/IMG/right_2017_08_20_16_48_49_681.jpg,0,0,0,2.332795E-07
/Users/oyama/Documents/GitHub/CarND-Behavioral-Cloning-P3/data/IMG/center_2017_08_20_16_48_49_763.jpg,/Users/oyama/Documents/GitHub/CarND-Behavioral-Cloning-P3/data/IMG/left_2017_08_20_16_48_49_763.jpg,/Users/oyama/Documents/GitHub/CarND-Behavioral-Cloning-P3/data/IMG/right_2017_08_20_16_48_49_763.jpg,0,0,0,9.940151E-07
/Users/oyama/Documents/GitHub/CarND-Behavioral-Cloning-P3/data/IMG/center_2017_08_20_16_48_49_832.jpg,/Users/oyama/Documents/GitHub/CarND-Behavioral-Cloning-P3/data/IMG/left_2017_08_20_16_48_49_832.jpg,/Users/oyama/Documents/GitHub/CarND-Behavioral-Cloning-P3/data/IMG/right_2017_08_20_16_48_49_832.jpg,0,0,0,1.384509E-06
/Users/oyama/Documents/GitHub/CarND-Behavioral-Cloning-P3/data/IMG/center_2017_08_20_16_48_49_923.jpg,/Users/oyama/Documents/GitHub/CarND-Behavioral-Cloning-P3/data/IMG/left_2017_08_20_16_48_49_923.jpg,/Users/oyama/Documents/GitHub/CarND-Behavioral-Cloning-P3/data/IMG/right_2017_08_20_16_48_49_923.jpg,0,0,0,5.118986E-07
/Users/oyama/Documents/GitHub/CarND-Behavioral-Cloning-P3/data/IMG/center_2017_08_20_16_48_50_000.jpg,/Users/oyama/Documents/GitHub/CarND-Behavioral-Cloning-P3/data/IMG/left_2017_08_20_16_48_50_000.jpg,/Users/oyama/Documents/GitHub/CarND-Behavioral-Cloning-P3/data/IMG/right_2017_08_20_16_48_50_000.jpg,0,0,0,2.905696E-06
/Users/oyama/Documents/GitHub/CarND-Behavioral-Cloning-P3/data/IMG/center_2017_08_20_16_48_50_083.jpg,/Users/oyama/Documents/GitHub/CarND-Behavioral-Cloning-P3/data/IMG/left_2017_08_20_16_48_50_083.jpg,/Users/oyama/Documents/GitHub/CarND-Behavioral-Cloning-P3/data/IMG/right_2017_08_20_16_48_50_083.jpg,0,0,0,3.70227E-06
/Users/oyama/Documents/GitHub/CarND-Behavioral-Cloning-P3/data/IMG/center_2017_08_20_16_48_50_150.jpg,/Users/oyama/Documents/GitHub/CarND-Behavioral-Cloning-P3/data/IMG/left_2017_08_20_16_48_50_150.jpg,/Users/oyama/Documents/GitHub/CarND-Behavioral-Cloning-P3/data/IMG/right_2017_08_20_16_48_50_150.jpg,0,0,0,4.433421E-06
/Users/oyama/Documents/GitHub/CarND-Behavioral-Cloning-P3/data/IMG/center_2017_08_20_16_48_50_217.jpg,/Users/oyama/Documents/GitHub/CarND-Behavioral-Cloning-P3/data/IMG/left_2017_08_20_16_48_50_217.jpg,/Users/oyama/Documents/GitHub/CarND-Behavioral-Cloning-P3/data/IMG/right_2017_08_20_16_48_50_217.jpg,0,0,0,5.363974E-06
/Users/oyama/Documents/GitHub/CarND-Behavioral-Cloning-P3/data/IMG/center_2017_08_20_16_48_50_290.jpg,/Users/oyama/Documents/GitHub/CarND-Behavioral-Cloning-P3/data/IMG/left_2017_08_20_16_48_50_290.jpg,/Users/oyama/Documents/GitHub/CarND-Behavioral-Cloning-P3/data/IMG/right_2017_08_20_16_48_50_290.jpg,0,0,0,1.053988E-06
/Users/oyama/Documents/GitHub/CarND-Behavioral-Cloning-P3/data/IMG/center_2017_08_20_16_48_50_359.jpg,/Users/oyama/Documents/GitHub/CarND-Behavioral-Cloning-P3/data/IMG/left_2017_08_20_16_48_50_359.jpg,/Users/oyama/Documents/GitHub/CarND-Behavioral-Cloning-P3/data/IMG/right_2017_08_20_16_48_50_359.jpg,0,0,0,6.427246E-06
/Users/oyama/Documents/GitHub/CarND-Behavioral-Cloning-P3/data/IMG/center_2017_08_20_16_48_50_429.jpg,/Users/oyama/Documents/GitHub/CarND-Behavioral-Cloning-P3/data/IMG/left_2017_08_20_16_48_50_429.jpg,/Users/oyama/Documents/GitHub/CarND-Behavioral-Cloning-P3/data/IMG/right_2017_08_20_16_48_50_429.jpg,0,0,0,1.217755E-06
/Users/oyama/Documents/GitHub/CarND-Behavioral-Cloning-P3/data/IMG/center_2017_08_20_16_48_50_499.jpg,/Users/oyama/Documents/GitHub/CarND-Behavioral-Cloning-P3/data/IMG/left_2017_08_20_16_48_50_499.jpg,/Users/oyama/Documents/GitHub/CarND-Behavioral-Cloning-P3/data/IMG/right_2017_08_20_16_48_50_499.jpg,0,0,0,1.866037E-06
/Users/oyama/Documents/GitHub/CarND-Behavioral-Cloning-P3/data/IMG/center_2017_08_20_16_48_50_567.jpg,/Users/oyama/Documents/GitHub/CarND-Behavioral-Cloning-P3/data/IMG/left_2017_08_20_16_48_50_567.jpg,/Users/oyama/Documents/GitHub/CarND-Behavioral-Cloning-P3/data/IMG/right_2017_08_20_16_48_50_567.jpg,0,0,0,2.705542E-06
/Users/oyama/Documents/GitHub/CarND-Behavioral-Cloning-P3/data/IMG/center_2017_08_20_16_48_50_637.jpg,/Users/oyama/Documents/GitHub/CarND-Behavioral-Cloning-P3/data/IMG/left_2017_08_20_16_48_50_637.jpg,/Users/oyama/Documents/GitHub/CarND-Behavioral-Cloning-P3/data/IMG/right_2017_08_20_16_48_50_637.jpg,0,0,0,3.635708E-06
/Users/oyama/Documents/GitHub/CarND-Behavioral-Cloning-P3/data/IMG/center_2017_08_20_16_48_50_708.jpg,/Users/oyama/Documents/GitHub/CarND-Behavioral-Cloning-P3/data/IMG/left_2017_08_20_16_48_50_708.jpg,/Users/oyama/Documents/GitHub/CarND-Behavioral-Cloning-P3/data/IMG/right_2017_08_20_16_48_50_708.jpg,0,0,0,4.433332E-06
/Users/oyama/Documents/GitHub/CarND-Behavioral-Cloning-P3/data/IMG/center_2017_08_20_16_48_50_779.jpg,/Users/oyama/Documents/GitHub/CarND-Behavioral-Cloning-P3/data/IMG/left_2017_08_20_16_48_50_779.jpg,/Users/oyama/Documents/GitHub/CarND-Behavioral-Cloning-P3/data/IMG/right_2017_08_20_16_48_50_779.jpg,0,0,0,5.297693E-06
/Users/oyama/Documents/GitHub/CarND-Behavioral-Cloning-P3/data/IMG/center_2017_08_20_16_48_50_860.jpg,/Users/oyama/Documents/GitHub/CarND-Behavioral-Cloning-P3/data/IMG/left_2017_08_20_16_48_50_860.jpg,/Users/oyama/Documents/GitHub/CarND-Behavioral-Cloning-P3/data/IMG/right_2017_08_20_16_48_50_860.jpg,0,0,0,6.162187E-06
/Users/oyama/Documents/GitHub/CarND-Behavioral-Cloning-P3/data/IMG/center_2017_08_20_16_48_50_934.jpg,/Users/oyama/Documents/GitHub/CarND-Behavioral-Cloning-P3/data/IMG/left_2017_08_20_16_48_50_934.jpg,/Users/oyama/Documents/GitHub/CarND-Behavioral-Cloning-P3/data/IMG/right_2017_08_20_16_48_50_934.jpg,0,0,0,6.694215E-06
/Users/oyama/Documents/GitHub/CarND-Behavioral-Cloning-P3/data/IMG/center_2017_08_20_16_48_51_012.jpg,/Users/oyama/Documents/GitHub/CarND-Behavioral-Cloning-P3/data/IMG/left_2017_08_20_16_48_51_012.jpg,/Users/oyama/Documents/GitHub/CarND-Behavioral-Cloning-P3/data/IMG/right_2017_08_20_16_48_51_012.jpg,0,0,0,5.922415E-06
/Users/oyama/Documents/GitHub/CarND-Behavioral-Cloning-P3/data/IMG/center_2017_08_20_16_48_51_090.jpg,/Users/oyama/Documents/GitHub/CarND-Behavioral-Cloning-P3/data/IMG/left_2017_08_20_16_48_51_090.jpg,/Users/oyama/Documents/GitHub/CarND-Behavioral-Cloning-P3/data/IMG/right_2017_08_20_16_48_51_090.jpg,0,0,0,2.508378E-06
/Users/oyama/Documents/GitHub/CarND-Behavioral-Cloning-P3/data/IMG/center_2017_08_20_16_48_51_161.jpg,/Users/oyama/Documents/GitHub/CarND-Behavioral-Cloning-P3/data/IMG/left_2017_08_20_16_48_51_161.jpg,/Users/oyama/Documents/GitHub/CarND-Behavioral-Cloning-P3/data/IMG/right_2017_08_20_16_48_51_161.jpg,0,0,0,1.712086E-06
/Users/oyama/Documents/GitHub/CarND-Behavioral-Cloning-P3/data/IMG/center_2017_08_20_16_48_51_231.jpg,/Users/oyama/Documents/GitHub/CarND-Behavioral-Cloning-P3/data/IMG/left_2017_08_20_16_48_51_231.jpg,/Users/oyama/Documents/GitHub/CarND-Behavioral-Cloning-P3/data/IMG/right_2017_08_20_16_48_51_231.jpg,0,0,0,1.052773E-06
/Users/oyama/Documents/GitHub/CarND-Behavioral-Cloning-P3/data/IMG/center_2017_08_20_16_48_51_302.jpg,/Users/oyama/Documents/GitHub/CarND-Behavioral-Cloning-P3/data/IMG/left_2017_08_20_16_48_51_302.jpg,/Users/oyama/Documents/GitHub/CarND-Behavioral-Cloning-P3/data/IMG/right_2017_08_20_16_48_51_302.jpg,0,0,0,2.175789E-06
/Users/oyama/Documents/GitHub/CarND-Behavioral-Cloning-P3/data/IMG/center_2017_08_20_16_48_51_375.jpg,/Users/oyama/Documents/GitHub/CarND-Behavioral-Cloning-P3/data/IMG/left_2017_08_20_16_48_51_375.jpg,/Users/oyama/Documents/GitHub/CarND-Behavioral-Cloning-P3/data/IMG/right_2017_08_20_16_48_51_375.jpg,0,0,0,2.63986E-06
/Users/oyama/Documents/GitHub/CarND-Behavioral-Cloning-P3/data/IMG/center_2017_08_20_16_48_51_460.jpg,/Users/oyama/Documents/GitHub/CarND-Behavioral-Cloning-P3/data/IMG/left_2017_08_20_16_48_51_460.jpg,/Users/oyama/Documents/GitHub/CarND-Behavioral-Cloning-P3/data/IMG/right_2017_08_20_16_48_51_460.jpg,0,0.2855701,0,0.1636717
/Users/oyama/Documents/GitHub/CarND-Behavioral-Cloning-P3/data/IMG/center_2017_08_20_16_48_51_533.jpg,/Users/oyama/Documents/GitHub/CarND-Behavioral-Cloning-P3/data/IMG/left_2017_08_20_16_48_51_533.jpg,/Users/oyama/Documents/GitHub/CarND-Behavioral-Cloning-P3/data/IMG/right_2017_08_20_16_48_51_533.jpg,-0.003436325,0.500988,0,0.5450922
/Users/oyama/Documents/GitHub/CarND-Behavioral-Cloning-P3/data/IMG/center_2017_08_20_16_48_51_605.jpg,/Users/oyama/Documents/GitHub/CarND-Behavioral-Cloning-P3/data/IMG/left_2017_08_20_16_48_51_605.jpg,/Users/oyama/Documents/GitHub/CarND-Behavioral-Cloning-P3/data/IMG/right_2017_08_20_16_48_51_605.jpg,-0.01365719,0.7199281,0,1.100246
/Users/oyama/Documents/GitHub/CarND-Behavioral-Cloning-P3/data/IMG/center_2017_08_20_16_48_51_667.jpg,/Users/oyama/Documents/GitHub/CarND-Behavioral-Cloning-P3/data/IMG/left_2017_08_20_16_48_51_667.jpg,/Users/oyama/Documents/GitHub/CarND-Behavioral-Cloning-P3/data/IMG/right_2017_08_20_16_48_51_667.jpg,-0.04329182,0.9242131,0,1.729858
/Users/oyama/Documents/GitHub/CarND-Behavioral-Cloning-P3/data/IMG/center_2017_08_20_16_48_52_053.jpg,/Users/oyama/Documents/GitHub/CarND-Behavioral-Cloning-P3/data/IMG/left_2017_08_20_16_48_52_053.jpg,/Users/oyama/Documents/GitHub/CarND-Behavioral-Cloning-P3/data/IMG/right_2017_08_20_16_48_52_053.jpg,-0.07592223,1,0,5.905723
/Users/oyama/Documents/GitHub/CarND-Behavioral-Cloning-P3/data/IMG/center_2017_08_20_16_48_52_131.jpg,/Users/oyama/Documents/GitHub/CarND-Behavioral-Cloning-P3/data/IMG/left_2017_08_20_16_48_52_131.jpg,/Users/oyama/Documents/GitHub/CarND-Behavioral-Cloning-P3/data/IMG/right_2017_08_20_16_48_52_131.jpg,-0.1035009,1,0,7.052237
/Users/oyama/Documents/GitHub/CarND-Behavioral-Cloning-P3/data/IMG/center_2017_08_20_16_48_52_206.jpg,/Users/oyama/Documents/GitHub/CarND-Behavioral-Cloning-P3/data/IMG/left_2017_08_20_16_48_52_206.jpg,/Users/oyama/Documents/GitHub/CarND-Behavioral-Cloning-P3/data/IMG/right_2017_08_20_16_48_52_206.jpg,-0.1525493,1,0,7.732942
/Users/oyama/Documents/GitHub/CarND-Behavioral-Cloning-P3/data/IMG/center_2017_08_20_16_48_52_281.jpg,/Users/oyama/Documents/GitHub/CarND-Behavioral-Cloning-P3/data/IMG/left_2017_08_20_16_48_52_281.jpg,/Users/oyama/Documents/GitHub/CarND-Behavioral-Cloning-P3/data/IMG/right_2017_08_20_16_48_52_281.jpg,-0.1694666,1,0,8.634554
/Users/oyama/Documents/GitHub/CarND-Behavioral-Cloning-P3/data/IMG/center_2017_08_20_16_48_52_352.jpg,/Users/oyama/Documents/GitHub/CarND-Behavioral-Cloning-P3/data/IMG/left_2017_08_20_16_48_52_352.jpg,/Users/oyama/Documents/GitHub/CarND-Behavioral-Cloning-P3/data/IMG/right_2017_08_20_16_48_52_352.jpg,-0.1694666,1,0,9.530717
/Users/oyama/Documents/GitHub/CarND-Behavioral-Cloning-P3/data/IMG/center_2017_08_20_16_48_52_430.jpg,/Users/oyama/Documents/GitHub/CarND-Behavioral-Cloning-P3/data/IMG/left_2017_08_20_16_48_52_430.jpg,/Users/oyama/Documents/GitHub/CarND-Behavioral-Cloning-P3/data/IMG/right_2017_08_20_16_48_52_430.jpg,-0.1704652,1,0,10.42022
/Users/oyama/Documents/GitHub/CarND-Behavioral-Cloning-P3/data/IMG/center_2017_08_20_16_48_52_497.jpg,/Users/oyama/Documents/GitHub/CarND-Behavioral-Cloning-P3/data/IMG/left_2017_08_20_16_48_52_497.jpg,/Users/oyama/Documents/GitHub/CarND-Behavioral-Cloning-P3/data/IMG/right_2017_08_20_16_48_52_497.jpg,-0.2252115,1,0,11.08003
/Users/oyama/Documents/GitHub/CarND-Behavioral-Cloning-P3/data/IMG/center_2017_08_20_16_48_52_567.jpg,/Users/oyama/Documents/GitHub/CarND-Behavioral-Cloning-P3/data/IMG/left_2017_08_20_16_48_52_567.jpg,/Users/oyama/Documents/GitHub/CarND-Behavioral-Cloning-P3/data/IMG/right_2017_08_20_16_48_52_567.jpg,-0.2345219,1,0,12.08123
/Users/oyama/Documents/GitHub/CarND-Behavioral-Cloning-P3/data/IMG/center_2017_08_20_16_48_52_653.jpg,/Users/oyama/Documents/GitHub/CarND-Behavioral-Cloning-P3/data/IMG/left_2017_08_20_16_48_52_653.jpg,/Users/oyama/Documents/GitHub/CarND-Behavioral-Cloning-P3/data/IMG/right_2017_08_20_16_48_52_653.jpg,-0.2345219,1,0,12.80776
/Users/oyama/Documents/GitHub/CarND-Behavioral-Cloning-P3/data/IMG/center_2017_08_20_16_48_52_756.jpg,/Users/oyama/Documents/GitHub/CarND-Behavioral-Cloning-P3/data/IMG/left_2017_08_20_16_48_52_756.jpg,/Users/oyama/Documents/GitHub/CarND-Behavioral-Cloning-P3/data/IMG/right_2017_08_20_16_48_52_756.jpg,-0.2345219,1,0,13.7914
/Users/oyama/Documents/GitHub/CarND-Behavioral-Cloning-P3/data/IMG/center_2017_08_20_16_48_52_854.jpg,/Users/oyama/Documents/GitHub/CarND-Behavioral-Cloning-P3/data/IMG/left_2017_08_20_16_48_52_854.jpg,/Users/oyama/Documents/GitHub/CarND-Behavioral-Cloning-P3/data/IMG/right_2017_08_20_16_48_52_854.jpg,-0.2641858,1,0,14.66846
/Users/oyama/Documents/GitHub/CarND-Behavioral-Cloning-P3/data/IMG/center_2017_08_20_16_48_52_914.jpg,/Users/oyama/Documents/GitHub/CarND-Behavioral-Cloning-P3/data/IMG/left_2017_08_20_16_48_52_914.jpg,/Users/oyama/Documents/GitHub/CarND-Behavioral-Cloning-P3/data/IMG/right_2017_08_20_16_48_52_914.jpg,-0.2755228,1,0,15.42155
/Users/oyama/Documents/GitHub/CarND-Behavioral-Cloning-P3/data/IMG/center_2017_08_20_16_48_52_971.jpg,/Users/oyama/Documents/GitHub/CarND-Behavioral-Cloning-P3/data/IMG/left_2017_08_20_16_48_52_971.jpg,/Users/oyama/Documents/GitHub/CarND-Behavioral-Cloning-P3/data/IMG/right_2017_08_20_16_48_52_971.jpg,-0.2755228,1,0,16.25187
/Users/oyama/Documents/GitHub/CarND-Behavioral-Cloning-P3/data/IMG/center_2017_08_20_16_48_53_038.jpg,/Users/oyama/Documents/GitHub/CarND-Behavioral-Cloning-P3/data/IMG/left_2017_08_20_16_48_53_038.jpg,/Users/oyama/Documents/GitHub/CarND-Behavioral-Cloning-P3/data/IMG/right_2017_08_20_16_48_53_038.jpg,-0.2755228,1,0,16.82197
/Users/oyama/Documents/GitHub/CarND-Behavioral-Cloning-P3/data/IMG/center_2017_08_20_16_48_53_111.jpg,/Users/oyama/Documents/GitHub/CarND-Behavioral-Cloning-P3/data/IMG/left_2017_08_20_16_48_53_111.jpg,/Users/oyama/Documents/GitHub/CarND-Behavioral-Cloning-P3/data/IMG/right_2017_08_20_16_48_53_111.jpg,-0.2755228,1,0,17.65807
/Users/oyama/Documents/GitHub/CarND-Behavioral-Cloning-P3/data/IMG/center_2017_08_20_16_48_53_182.jpg,/Users/oyama/Documents/GitHub/CarND-Behavioral-Cloning-P3/data/IMG/left_2017_08_20_16_48_53_182.jpg,/Users/oyama/Documents/GitHub/CarND-Behavioral-Cloning-P3/data/IMG/right_2017_08_20_16_48_53_182.jpg,-0.2755228,1,0,18.31533
/Users/oyama/Documents/GitHub/CarND-Behavioral-Cloning-P3/data/IMG/center_2017_08_20_16_48_53_273.jpg,/Users/oyama/Documents/GitHub/CarND-Behavioral-Cloning-P3/data/IMG/left_2017_08_20_16_48_53_273.jpg,/Users/oyama/Documents/GitHub/CarND-Behavioral-Cloning-P3/data/IMG/right_2017_08_20_16_48_53_273.jpg,0,1,0,19.30077
/Users/oyama/Documents/GitHub/CarND-Behavioral-Cloning-P3/data/IMG/center_2017_08_20_16_48_53_352.jpg,/Users/oyama/Documents/GitHub/CarND-Behavioral-Cloning-P3/data/IMG/left_2017_08_20_16_48_53_352.jpg,/Users/oyama/Documents/GitHub/CarND-Behavioral-Cloning-P3/data/IMG/right_2017_08_20_16_48_53_352.jpg,0,1,0,20.1004
/Users/oyama/Documents/GitHub/CarND-Behavioral-Cloning-P3/data/IMG/center_2017_08_20_16_48_53_426.jpg,/Users/oyama/Documents/GitHub/CarND-Behavioral-Cloning-P3/data/IMG/left_2017_08_20_16_48_53_426.jpg,/Users/oyama/Documents/GitHub/CarND-Behavioral-Cloning-P3/data/IMG/right_2017_08_20_16_48_53_426.jpg,0,1,0,20.73337
/Users/oyama/Documents/GitHub/CarND-Behavioral-Cloning-P3/data/IMG/center_2017_08_20_16_48_53_514.jpg,/Users/oyama/Documents/GitHub/CarND-Behavioral-Cloning-P3/data/IMG/left_2017_08_20_16_48_53_514.jpg,/Users/oyama/Documents/GitHub/CarND-Behavioral-Cloning-P3/data/IMG/right_2017_08_20_16_48_53_514.jpg,0,1,0,21.71328
/Users/oyama/Documents/GitHub/CarND-Behavioral-Cloning-P3/data/IMG/center_2017_08_20_16_48_53_600.jpg,/Users/oyama/Documents/GitHub/CarND-Behavioral-Cloning-P3/data/IMG/left_2017_08_20_16_48_53_600.jpg,/Users/oyama/Documents/GitHub/CarND-Behavioral-Cloning-P3/data/IMG/right_2017_08_20_16_48_53_600.jpg,0,1,0,22.50991
/Users/oyama/Documents/GitHub/CarND-Behavioral-Cloning-P3/data/IMG/center_2017_08_20_16_48_53_684.jpg,/Users/oyama/Documents/GitHub/CarND-Behavioral-Cloning-P3/data/IMG/left_2017_08_20_16_48_53_684.jpg,/Users/oyama/Documents/GitHub/CarND-Behavioral-Cloning-P3/data/IMG/right_2017_08_20_16_48_53_684.jpg,0,1,0,23.29896
/Users/oyama/Documents/GitHub/CarND-Behavioral-Cloning-P3/data/IMG/center_2017_08_20_16_48_53_772.jpg,/Users/oyama/Documents/GitHub/CarND-Behavioral-Cloning-P3/data/IMG/left_2017_08_20_16_48_53_772.jpg,/Users/oyama/Documents/GitHub/CarND-Behavioral-Cloning-P3/data/IMG/right_2017_08_20_16_48_53_772.jpg,-0.04593515,1,0,24.27476
/Users/oyama/Documents/GitHub/CarND-Behavioral-Cloning-P3/data/IMG/center_2017_08_20_16_48_53_841.jpg,/Users/oyama/Documents/GitHub/CarND-Behavioral-Cloning-P3/data/IMG/left_2017_08_20_16_48_53_841.jpg,/Users/oyama/Documents/GitHub/CarND-Behavioral-Cloning-P3/data/IMG/right_2017_08_20_16_48_53_841.jpg,-0.1588346,1,0,24.84165
/Users/oyama/Documents/GitHub/CarND-Behavioral-Cloning-P3/data/IMG/center_2017_08_20_16_48_53_920.jpg,/Users/oyama/Documents/GitHub/CarND-Behavioral-Cloning-P3/data/IMG/left_2017_08_20_16_48_53_920.jpg,/Users/oyama/Documents/GitHub/CarND-Behavioral-Cloning-P3/data/IMG/right_2017_08_20_16_48_53_920.jpg,-0.168468,1,0,25.59336
/Users/oyama/Documents/GitHub/CarND-Behavioral-Cloning-P3/data/IMG/center_2017_08_20_16_48_53_995.jpg,/Users/oyama/Documents/GitHub/CarND-Behavioral-Cloning-P3/data/IMG/left_2017_08_20_16_48_53_995.jpg,/Users/oyama/Documents/GitHub/CarND-Behavioral-Cloning-P3/data/IMG/right_2017_08_20_16_48_53_995.jpg,-0.168468,1,0,26.34623
/Users/oyama/Documents/GitHub/CarND-Behavioral-Cloning-P3/data/IMG/center_2017_08_20_16_48_54_070.jpg,/Users/oyama/Documents/GitHub/CarND-Behavioral-Cloning-P3/data/IMG/left_2017_08_20_16_48_54_070.jpg,/Users/oyama/Documents/GitHub/CarND-Behavioral-Cloning-P3/data/IMG/right_2017_08_20_16_48_54_070.jpg,-0.1699366,1,0,27.09628
/Users/oyama/Documents/GitHub/CarND-Behavioral-Cloning-P3/data/IMG/center_2017_08_20_16_48_54_140.jpg,/Users/oyama/Documents/GitHub/CarND-Behavioral-Cloning-P3/data/IMG/left_2017_08_20_16_48_54_140.jpg,/Users/oyama/Documents/GitHub/CarND-Behavioral-Cloning-P3/data/IMG/right_2017_08_20_16_48_54_140.jpg,-0.1971335,1,0,27.65329
/Users/oyama/Documents/GitHub/CarND-Behavioral-Cloning-P3/data/IMG/center_2017_08_20_16_48_54_221.jpg,/Users/oyama/Documents/GitHub/CarND-Behavioral-Cloning-P3/data/IMG/left_2017_08_20_16_48_54_221.jpg,/Users/oyama/Documents/GitHub/CarND-Behavioral-Cloning-P3/data/IMG/right_2017_08_20_16_48_54_221.jpg,-0.2062676,1,0,28.38885
/Users/oyama/Documents/GitHub/CarND-Behavioral-Cloning-P3/data/IMG/center_2017_08_20_16_48_54_294.jpg,/Users/oyama/Documents/GitHub/CarND-Behavioral-Cloning-P3/data/IMG/left_2017_08_20_16_48_54_294.jpg,/Users/oyama/Documents/GitHub/CarND-Behavioral-Cloning-P3/data/IMG/right_2017_08_20_16_48_54_294.jpg,-0.2062676,1,0,29.12099
/Users/oyama/Documents/GitHub/CarND-Behavioral-Cloning-P3/data/IMG/center_2017_08_20_16_48_54_370.jpg,/Users/oyama/Documents/GitHub/CarND-Behavioral-Cloning-P3/data/IMG/left_2017_08_20_16_48_54_370.jpg,/Users/oyama/Documents/GitHub/CarND-Behavioral-Cloning-P3/data/IMG/right_2017_08_20_16_48_54_370.jpg,-0.2062676,1,0,29.84851
/Users/oyama/Documents/GitHub/CarND-Behavioral-Cloning-P3/data/IMG/center_2017_08_20_16_48_54_439.jpg,/Users/oyama/Documents/GitHub/CarND-Behavioral-Cloning-P3/data/IMG/left_2017_08_20_16_48_54_439.jpg,/Users/oyama/Documents/GitHub/CarND-Behavioral-Cloning-P3/data/IMG/right_2017_08_20_16_48_54_439.jpg,-0.2062676,1,0,30.19082
/Users/oyama/Documents/GitHub/CarND-Behavioral-Cloning-P3/data/IMG/center_2017_08_20_16_48_54_518.jpg,/Users/oyama/Documents/GitHub/CarND-Behavioral-Cloning-P3/data/IMG/left_2017_08_20_16_48_54_518.jpg,/Users/oyama/Documents/GitHub/CarND-Behavioral-Cloning-P3/data/IMG/right_2017_08_20_16_48_54_518.jpg,-0.2062676,1,0,30.18919
/Users/oyama/Documents/GitHub/CarND-Behavioral-Cloning-P3/data/IMG/center_2017_08_20_16_48_54_588.jpg,/Users/oyama/Documents/GitHub/CarND-Behavioral-Cloning-P3/data/IMG/left_2017_08_20_16_48_54_588.jpg,/Users/oyama/Documents/GitHub/CarND-Behavioral-Cloning-P3/data/IMG/right_2017_08_20_16_48_54_588.jpg,-0.2062676,1,0,30.18928
/Users/oyama/Documents/GitHub/CarND-Behavioral-Cloning-P3/data/IMG/center_2017_08_20_16_48_54_654.jpg,/Users/oyama/Documents/GitHub/CarND-Behavioral-Cloning-P3/data/IMG/left_2017_08_20_16_48_54_654.jpg,/Users/oyama/Documents/GitHub/CarND-Behavioral-Cloning-P3/data/IMG/right_2017_08_20_16_48_54_654.jpg,-0.2062676,1,0,30.18874
/Users/oyama/Documents/GitHub/CarND-Behavioral-Cloning-P3/data/IMG/center_2017_08_20_16_48_54_724.jpg,/Users/oyama/Documents/GitHub/CarND-Behavioral-Cloning-P3/data/IMG/left_2017_08_20_16_48_54_724.jpg,/Users/oyama/Documents/GitHub/CarND-Behavioral-Cloning-P3/data/IMG/right_2017_08_20_16_48_54_724.jpg,-0.2062676,1,0,30.18938
/Users/oyama/Documents/GitHub/CarND-Behavioral-Cloning-P3/data/IMG/center_2017_08_20_16_48_54_793.jpg,/Users/oyama/Documents/GitHub/CarND-Behavioral-Cloning-P3/data/IMG/left_2017_08_20_16_48_54_793.jpg,/Users/oyama/Documents/GitHub/CarND-Behavioral-Cloning-P3/data/IMG/right_2017_08_20_16_48_54_793.jpg,-0.2062676,1,0,30.18938
/Users/oyama/Documents/GitHub/CarND-Behavioral-Cloning-P3/data/IMG/center_2017_08_20_16_48_54_866.jpg,/Users/oyama/Documents/GitHub/CarND-Behavioral-Cloning-P3/data/IMG/left_2017_08_20_16_48_54_866.jpg,/Users/oyama/Documents/GitHub/CarND-Behavioral-Cloning-P3/data/IMG/right_2017_08_20_16_48_54_866.jpg,0,1,0,30.18932
/Users/oyama/Documents/GitHub/CarND-Behavioral-Cloning-P3/data/IMG/center_2017_08_20_16_48_54_941.jpg,/Users/oyama/Documents/GitHub/CarND-Behavioral-Cloning-P3/data/IMG/left_2017_08_20_16_48_54_941.jpg,/Users/oyama/Documents/GitHub/CarND-Behavioral-Cloning-P3/data/IMG/right_2017_08_20_16_48_54_941.jpg,0,1,0,30.18972
/Users/oyama/Documents/GitHub/CarND-Behavioral-Cloning-P3/data/IMG/center_2017_08_20_16_48_55_022.jpg,/Users/oyama/Documents/GitHub/CarND-Behavioral-Cloning-P3/data/IMG/left_2017_08_20_16_48_55_022.jpg,/Users/oyama/Documents/GitHub/CarND-Behavioral-Cloning-P3/data/IMG/right_2017_08_20_16_48_55_022.jpg,0,1,0,30.19021
/Users/oyama/Documents/GitHub/CarND-Behavioral-Cloning-P3/data/IMG/center_2017_08_20_16_48_55_091.jpg,/Users/oyama/Documents/GitHub/CarND-Behavioral-Cloning-P3/data/IMG/left_2017_08_20_16_48_55_091.jpg,/Users/oyama/Documents/GitHub/CarND-Behavioral-Cloning-P3/data/IMG/right_2017_08_20_16_48_55_091.jpg,0,1,0,30.1903
/Users/oyama/Documents/GitHub/CarND-Behavioral-Cloning-P3/data/IMG/center_2017_08_20_16_48_55_161.jpg,/Users/oyama/Documents/GitHub/CarND-Behavioral-Cloning-P3/data/IMG/left_2017_08_20_16_48_55_161.jpg,/Users/oyama/Documents/GitHub/CarND-Behavioral-Cloning-P3/data/IMG/right_2017_08_20_16_48_55_161.jpg,0,1,0,30.18941
/Users/oyama/Documents/GitHub/CarND-Behavioral-Cloning-P3/data/IMG/center_2017_08_20_16_48_55_230.jpg,/Users/oyama/Documents/GitHub/CarND-Behavioral-Cloning-P3/data/IMG/left_2017_08_20_16_48_55_230.jpg,/Users/oyama/Documents/GitHub/CarND-Behavioral-Cloning-P3/data/IMG/right_2017_08_20_16_48_55_230.jpg,-0.003025141,1,0,30.1903
/Users/oyama/Documents/GitHub/CarND-Behavioral-Cloning-P3/data/IMG/center_2017_08_20_16_48_55_304.jpg,/Users/oyama/Documents/GitHub/CarND-Behavioral-Cloning-P3/data/IMG/left_2017_08_20_16_48_55_304.jpg,/Users/oyama/Documents/GitHub/CarND-Behavioral-Cloning-P3/data/IMG/right_2017_08_20_16_48_55_304.jpg,-0.06755169,1,0,30.18926
/Users/oyama/Documents/GitHub/CarND-Behavioral-Cloning-P3/data/IMG/center_2017_08_20_16_48_55_387.jpg,/Users/oyama/Documents/GitHub/CarND-Behavioral-Cloning-P3/data/IMG/left_2017_08_20_16_48_55_387.jpg,/Users/oyama/Documents/GitHub/CarND-Behavioral-Cloning-P3/data/IMG/right_2017_08_20_16_48_55_387.jpg,-0.06855028,1,0,30.18984
/Users/oyama/Documents/GitHub/CarND-Behavioral-Cloning-P3/data/IMG/center_2017_08_20_16_48_55_471.jpg,/Users/oyama/Documents/GitHub/CarND-Behavioral-Cloning-P3/data/IMG/left_2017_08_20_16_48_55_471.jpg,/Users/oyama/Documents/GitHub/CarND-Behavioral-Cloning-P3/data/IMG/right_2017_08_20_16_48_55_471.jpg,-0.06855028,1,0,30.18997
/Users/oyama/Documents/GitHub/CarND-Behavioral-Cloning-P3/data/IMG/center_2017_08_20_16_48_55_551.jpg,/Users/oyama/Documents/GitHub/CarND-Behavioral-Cloning-P3/data/IMG/left_2017_08_20_16_48_55_551.jpg,/Users/oyama/Documents/GitHub/CarND-Behavioral-Cloning-P3/data/IMG/right_2017_08_20_16_48_55_551.jpg,-0.06855028,1,0,30.19004
/Users/oyama/Documents/GitHub/CarND-Behavioral-Cloning-P3/data/IMG/center_2017_08_20_16_48_55_620.jpg,/Users/oyama/Documents/GitHub/CarND-Behavioral-Cloning-P3/data/IMG/left_2017_08_20_16_48_55_620.jpg,/Users/oyama/Documents/GitHub/CarND-Behavioral-Cloning-P3/data/IMG/right_2017_08_20_16_48_55_620.jpg,-0.06855028,1,0,30.19007
/Users/oyama/Documents/GitHub/CarND-Behavioral-Cloning-P3/data/IMG/center_2017_08_20_16_48_55_700.jpg,/Users/oyama/Documents/GitHub/CarND-Behavioral-Cloning-P3/data/IMG/left_2017_08_20_16_48_55_700.jpg,/Users/oyama/Documents/GitHub/CarND-Behavioral-Cloning-P3/data/IMG/right_2017_08_20_16_48_55_700.jpg,-0.06904957,1,0,30.19009
/Users/oyama/Documents/GitHub/CarND-Behavioral-Cloning-P3/data/IMG/center_2017_08_20_16_48_55_786.jpg,/Users/oyama/Documents/GitHub/CarND-Behavioral-Cloning-P3/data/IMG/left_2017_08_20_16_48_55_786.jpg,/Users/oyama/Documents/GitHub/CarND-Behavioral-Cloning-P3/data/IMG/right_2017_08_20_16_48_55_786.jpg,-0.1153372,1,0,30.18885
/Users/oyama/Documents/GitHub/CarND-Behavioral-Cloning-P3/data/IMG/center_2017_08_20_16_48_55_869.jpg,/Users/oyama/Documents/GitHub/CarND-Behavioral-Cloning-P3/data/IMG/left_2017_08_20_16_48_55_869.jpg,/Users/oyama/Documents/GitHub/CarND-Behavioral-Cloning-P3/data/IMG/right_2017_08_20_16_48_55_869.jpg,-0.1158365,1,0,30.18942
/Users/oyama/Documents/GitHub/CarND-Behavioral-Cloning-P3/data/IMG/center_2017_08_20_16_48_55_962.jpg,/Users/oyama/Documents/GitHub/CarND-Behavioral-Cloning-P3/data/IMG/left_2017_08_20_16_48_55_962.jpg,/Users/oyama/Documents/GitHub/CarND-Behavioral-Cloning-P3/data/IMG/right_2017_08_20_16_48_55_962.jpg,-0.1330181,1,0,30.18912
/Users/oyama/Documents/GitHub/CarND-Behavioral-Cloning-P3/data/IMG/center_2017_08_20_16_48_56_037.jpg,/Users/oyama/Documents/GitHub/CarND-Behavioral-Cloning-P3/data/IMG/left_2017_08_20_16_48_56_037.jpg,/Users/oyama/Documents/GitHub/CarND-Behavioral-Cloning-P3/data/IMG/right_2017_08_20_16_48_56_037.jpg,-0.1426809,1,0,30.18908
/Users/oyama/Documents/GitHub/CarND-Behavioral-Cloning-P3/data/IMG/center_2017_08_20_16_48_56_113.jpg,/Users/oyama/Documents/GitHub/CarND-Behavioral-Cloning-P3/data/IMG/left_2017_08_20_16_48_56_113.jpg,/Users/oyama/Documents/GitHub/CarND-Behavioral-Cloning-P3/data/IMG/right_2017_08_20_16_48_56_113.jpg,-0.1426809,1,0,30.1899
/Users/oyama/Documents/GitHub/CarND-Behavioral-Cloning-P3/data/IMG/center_2017_08_20_16_48_56_197.jpg,/Users/oyama/Documents/GitHub/CarND-Behavioral-Cloning-P3/data/IMG/left_2017_08_20_16_48_56_197.jpg,/Users/oyama/Documents/GitHub/CarND-Behavioral-Cloning-P3/data/IMG/right_2017_08_20_16_48_56_197.jpg,-0.1426809,1,0,30.1896
/Users/oyama/Documents/GitHub/CarND-Behavioral-Cloning-P3/data/IMG/center_2017_08_20_16_48_56_274.jpg,/Users/oyama/Documents/GitHub/CarND-Behavioral-Cloning-P3/data/IMG/left_2017_08_20_16_48_56_274.jpg,/Users/oyama/Documents/GitHub/CarND-Behavioral-Cloning-P3/data/IMG/right_2017_08_20_16_48_56_274.jpg,-0.1426809,1,0,30.18972
/Users/oyama/Documents/GitHub/CarND-Behavioral-Cloning-P3/data/IMG/center_2017_08_20_16_48_56_345.jpg,/Users/oyama/Documents/GitHub/CarND-Behavioral-Cloning-P3/data/IMG/left_2017_08_20_16_48_56_345.jpg,/Users/oyama/Documents/GitHub/CarND-Behavioral-Cloning-P3/data/IMG/right_2017_08_20_16_48_56_345.jpg,-0.1426809,1,0,30.18975
/Users/oyama/Documents/GitHub/CarND-Behavioral-Cloning-P3/data/IMG/center_2017_08_20_16_48_56_414.jpg,/Users/oyama/Documents/GitHub/CarND-Behavioral-Cloning-P3/data/IMG/left_2017_08_20_16_48_56_414.jpg,/Users/oyama/Documents/GitHub/CarND-Behavioral-Cloning-P3/data/IMG/right_2017_08_20_16_48_56_414.jpg,-0.1426809,1,0,30.1898
/Users/oyama/Documents/GitHub/CarND-Behavioral-Cloning-P3/data/IMG/center_2017_08_20_16_48_56_499.jpg,/Users/oyama/Documents/GitHub/CarND-Behavioral-Cloning-P3/data/IMG/left_2017_08_20_16_48_56_499.jpg,/Users/oyama/Documents/GitHub/CarND-Behavioral-Cloning-P3/data/IMG/right_2017_08_20_16_48_56_499.jpg,0,1,0,30.18971
/Users/oyama/Documents/GitHub/CarND-Behavioral-Cloning-P3/data/IMG/center_2017_08_20_16_48_56_577.jpg,/Users/oyama/Documents/GitHub/CarND-Behavioral-Cloning-P3/data/IMG/left_2017_08_20_16_48_56_577.jpg,/Users/oyama/Documents/GitHub/CarND-Behavioral-Cloning-P3/data/IMG/right_2017_08_20_16_48_56_577.jpg,0,1,0,30.19022
/Users/oyama/Documents/GitHub/CarND-Behavioral-Cloning-P3/data/IMG/center_2017_08_20_16_48_56_645.jpg,/Users/oyama/Documents/GitHub/CarND-Behavioral-Cloning-P3/data/IMG/left_2017_08_20_16_48_56_645.jpg,/Users/oyama/Documents/GitHub/CarND-Behavioral-Cloning-P3/data/IMG/right_2017_08_20_16_48_56_645.jpg,0,1,0,30.19029
/Users/oyama/Documents/GitHub/CarND-Behavioral-Cloning-P3/data/IMG/center_2017_08_20_16_48_56_731.jpg,/Users/oyama/Documents/GitHub/CarND-Behavioral-Cloning-P3/data/IMG/left_2017_08_20_16_48_56_731.jpg,/Users/oyama/Documents/GitHub/CarND-Behavioral-Cloning-P3/data/IMG/right_2017_08_20_16_48_56_731.jpg,0,1,0,30.19074
/Users/oyama/Documents/GitHub/CarND-Behavioral-Cloning-P3/data/IMG/center_2017_08_20_16_48_56_805.jpg,/Users/oyama/Documents/GitHub/CarND-Behavioral-Cloning-P3/data/IMG/left_2017_08_20_16_48_56_805.jpg,/Users/oyama/Documents/GitHub/CarND-Behavioral-Cloning-P3/data/IMG/right_2017_08_20_16_48_56_805.jpg,0,1,0,30.1902
/Users/oyama/Documents/GitHub/CarND-Behavioral-Cloning-P3/data/IMG/center_2017_08_20_16_48_56_874.jpg,/Users/oyama/Documents/GitHub/CarND-Behavioral-Cloning-P3/data/IMG/left_2017_08_20_16_48_56_874.jpg,/Users/oyama/Documents/GitHub/CarND-Behavioral-Cloning-P3/data/IMG/right_2017_08_20_16_48_56_874.jpg,0,1,0,30.19031
/Users/oyama/Documents/GitHub/CarND-Behavioral-Cloning-P3/data/IMG/center_2017_08_20_16_48_56_963.jpg,/Users/oyama/Documents/GitHub/CarND-Behavioral-Cloning-P3/data/IMG/left_2017_08_20_16_48_56_963.jpg,/Users/oyama/Documents/GitHub/CarND-Behavioral-Cloning-P3/data/IMG/right_2017_08_20_16_48_56_963.jpg,-0.0347157,1,0,30.19009
/Users/oyama/Documents/GitHub/CarND-Behavioral-Cloning-P3/data/IMG/center_2017_08_20_16_48_57_032.jpg,/Users/oyama/Documents/GitHub/CarND-Behavioral-Cloning-P3/data/IMG/left_2017_08_20_16_48_57_032.jpg,/Users/oyama/Documents/GitHub/CarND-Behavioral-Cloning-P3/data/IMG/right_2017_08_20_16_48_57_032.jpg,-0.04111842,1,0,30.19004
/Users/oyama/Documents/GitHub/CarND-Behavioral-Cloning-P3/data/IMG/center_2017_08_20_16_48_57_104.jpg,/Users/oyama/Documents/GitHub/CarND-Behavioral-Cloning-P3/data/IMG/left_2017_08_20_16_48_57_104.jpg,/Users/oyama/Documents/GitHub/CarND-Behavioral-Cloning-P3/data/IMG/right_2017_08_20_16_48_57_104.jpg,-0.05054629,1,0,30.18997
/Users/oyama/Documents/GitHub/CarND-Behavioral-Cloning-P3/data/IMG/center_2017_08_20_16_48_57_171.jpg,/Users/oyama/Documents/GitHub/CarND-Behavioral-Cloning-P3/data/IMG/left_2017_08_20_16_48_57_171.jpg,/Users/oyama/Documents/GitHub/CarND-Behavioral-Cloning-P3/data/IMG/right_2017_08_20_16_48_57_171.jpg,-0.07131109,1,0,30.18963
/Users/oyama/Documents/GitHub/CarND-Behavioral-Cloning-P3/data/IMG/center_2017_08_20_16_48_57_241.jpg,/Users/oyama/Documents/GitHub/CarND-Behavioral-Cloning-P3/data/IMG/left_2017_08_20_16_48_57_241.jpg,/Users/oyama/Documents/GitHub/CarND-Behavioral-Cloning-P3/data/IMG/right_2017_08_20_16_48_57_241.jpg,-0.08658364,1,0,30.18937
/Users/oyama/Documents/GitHub/CarND-Behavioral-Cloning-P3/data/IMG/center_2017_08_20_16_48_57_314.jpg,/Users/oyama/Documents/GitHub/CarND-Behavioral-Cloning-P3/data/IMG/left_2017_08_20_16_48_57_314.jpg,/Users/oyama/Documents/GitHub/CarND-Behavioral-Cloning-P3/data/IMG/right_2017_08_20_16_48_57_314.jpg,-0.1017975,1,0,30.18929
/Users/oyama/Documents/GitHub/CarND-Behavioral-Cloning-P3/data/IMG/center_2017_08_20_16_48_57_387.jpg,/Users/oyama/Documents/GitHub/CarND-Behavioral-Cloning-P3/data/IMG/left_2017_08_20_16_48_57_387.jpg,/Users/oyama/Documents/GitHub/CarND-Behavioral-Cloning-P3/data/IMG/right_2017_08_20_16_48_57_387.jpg,-0.1087289,1,0,30.18939
/Users/oyama/Documents/GitHub/CarND-Behavioral-Cloning-P3/data/IMG/center_2017_08_20_16_48_57_462.jpg,/Users/oyama/Documents/GitHub/CarND-Behavioral-Cloning-P3/data/IMG/left_2017_08_20_16_48_57_462.jpg,/Users/oyama/Documents/GitHub/CarND-Behavioral-Cloning-P3/data/IMG/right_2017_08_20_16_48_57_462.jpg,-0.1201833,1,0,30.18927
/Users/oyama/Documents/GitHub/CarND-Behavioral-Cloning-P3/data/IMG/center_2017_08_20_16_48_57_533.jpg,/Users/oyama/Documents/GitHub/CarND-Behavioral-Cloning-P3/data/IMG/left_2017_08_20_16_48_57_533.jpg,/Users/oyama/Documents/GitHub/CarND-Behavioral-Cloning-P3/data/IMG/right_2017_08_20_16_48_57_533.jpg,-0.1201833,1,0,30.18955
/Users/oyama/Documents/GitHub/CarND-Behavioral-Cloning-P3/data/IMG/center_2017_08_20_16_48_57_608.jpg,/Users/oyama/Documents/GitHub/CarND-Behavioral-Cloning-P3/data/IMG/left_2017_08_20_16_48_57_608.jpg,/Users/oyama/Documents/GitHub/CarND-Behavioral-Cloning-P3/data/IMG/right_2017_08_20_16_48_57_608.jpg,-0.1201833,1,0,30.18995
/Users/oyama/Documents/GitHub/CarND-Behavioral-Cloning-P3/data/IMG/center_2017_08_20_16_48_57_681.jpg,/Users/oyama/Documents/GitHub/CarND-Behavioral-Cloning-P3/data/IMG/left_2017_08_20_16_48_57_681.jpg,/Users/oyama/Documents/GitHub/CarND-Behavioral-Cloning-P3/data/IMG/right_2017_08_20_16_48_57_681.jpg,-0.1201833,1,0,30.18978
/Users/oyama/Documents/GitHub/CarND-Behavioral-Cloning-P3/data/IMG/center_2017_08_20_16_48_57_755.jpg,/Users/oyama/Documents/GitHub/CarND-Behavioral-Cloning-P3/data/IMG/left_2017_08_20_16_48_57_755.jpg,/Users/oyama/Documents/GitHub/CarND-Behavioral-Cloning-P3/data/IMG/right_2017_08_20_16_48_57_755.jpg,-0.1201833,1,0,30.18991
/Users/oyama/Documents/GitHub/CarND-Behavioral-Cloning-P3/data/IMG/center_2017_08_20_16_48_57_831.jpg,/Users/oyama/Documents/GitHub/CarND-Behavioral-Cloning-P3/data/IMG/left_2017_08_20_16_48_57_831.jpg,/Users/oyama/Documents/GitHub/CarND-Behavioral-Cloning-P3/data/IMG/right_2017_08_20_16_48_57_831.jpg,-0.1201833,1,0,30.19036
/Users/oyama/Documents/GitHub/CarND-Behavioral-Cloning-P3/data/IMG/center_2017_08_20_16_48_57_905.jpg,/Users/oyama/Documents/GitHub/CarND-Behavioral-Cloning-P3/data/IMG/left_2017_08_20_16_48_57_905.jpg,/Users/oyama/Documents/GitHub/CarND-Behavioral-Cloning-P3/data/IMG/right_2017_08_20_16_48_57_905.jpg,-0.1201833,1,0,30.18995
/Users/oyama/Documents/GitHub/CarND-Behavioral-Cloning-P3/data/IMG/center_2017_08_20_16_48_57_981.jpg,/Users/oyama/Documents/GitHub/CarND-Behavioral-Cloning-P3/data/IMG/left_2017_08_20_16_48_57_981.jpg,/Users/oyama/Documents/GitHub/CarND-Behavioral-Cloning-P3/data/IMG/right_2017_08_20_16_48_57_981.jpg,-0.1201833,1,0,30.18996
/Users/oyama/Documents/GitHub/CarND-Behavioral-Cloning-P3/data/IMG/center_2017_08_20_16_48_58_068.jpg,/Users/oyama/Documents/GitHub/CarND-Behavioral-Cloning-P3/data/IMG/left_2017_08_20_16_48_58_068.jpg,/Users/oyama/Documents/GitHub/CarND-Behavioral-Cloning-P3/data/IMG/right_2017_08_20_16_48_58_068.jpg,-0.1201833,1,0,30.18995
/Users/oyama/Documents/GitHub/CarND-Behavioral-Cloning-P3/data/IMG/center_2017_08_20_16_48_58_155.jpg,/Users/oyama/Documents/GitHub/CarND-Behavioral-Cloning-P3/data/IMG/left_2017_08_20_16_48_58_155.jpg,/Users/oyama/Documents/GitHub/CarND-Behavioral-Cloning-P3/data/IMG/right_2017_08_20_16_48_58_155.jpg,-0.1201833,1,0,30.18998
/Users/oyama/Documents/GitHub/CarND-Behavioral-Cloning-P3/data/IMG/center_2017_08_20_16_48_58_245.jpg,/Users/oyama/Documents/GitHub/CarND-Behavioral-Cloning-P3/data/IMG/left_2017_08_20_16_48_58_245.jpg,/Users/oyama/Documents/GitHub/CarND-Behavioral-Cloning-P3/data/IMG/right_2017_08_20_16_48_58_245.jpg,-0.1201833,1,0,30.18996
/Users/oyama/Documents/GitHub/CarND-Behavioral-Cloning-P3/data/IMG/center_2017_08_20_16_48_58_338.jpg,/Users/oyama/Documents/GitHub/CarND-Behavioral-Cloning-P3/data/IMG/left_2017_08_20_16_48_58_338.jpg,/Users/oyama/Documents/GitHub/CarND-Behavioral-Cloning-P3/data/IMG/right_2017_08_20_16_48_58_338.jpg,-0.1201833,1,0,30.19001
/Users/oyama/Documents/GitHub/CarND-Behavioral-Cloning-P3/data/IMG/center_2017_08_20_16_48_58_426.jpg,/Users/oyama/Documents/GitHub/CarND-Behavioral-Cloning-P3/data/IMG/left_2017_08_20_16_48_58_426.jpg,/Users/oyama/Documents/GitHub/CarND-Behavioral-Cloning-P3/data/IMG/right_2017_08_20_16_48_58_426.jpg,0,1,0,30.18914
/Users/oyama/Documents/GitHub/CarND-Behavioral-Cloning-P3/data/IMG/center_2017_08_20_16_48_58_523.jpg,/Users/oyama/Documents/GitHub/CarND-Behavioral-Cloning-P3/data/IMG/left_2017_08_20_16_48_58_523.jpg,/Users/oyama/Documents/GitHub/CarND-Behavioral-Cloning-P3/data/IMG/right_2017_08_20_16_48_58_523.jpg,0,1,0,30.1902
/Users/oyama/Documents/GitHub/CarND-Behavioral-Cloning-P3/data/IMG/center_2017_08_20_16_48_58_622.jpg,/Users/oyama/Documents/GitHub/CarND-Behavioral-Cloning-P3/data/IMG/left_2017_08_20_16_48_58_622.jpg,/Users/oyama/Documents/GitHub/CarND-Behavioral-Cloning-P3/data/IMG/right_2017_08_20_16_48_58_622.jpg,0,1,0,30.19019
/Users/oyama/Documents/GitHub/CarND-Behavioral-Cloning-P3/data/IMG/center_2017_08_20_16_48_58_697.jpg,/Users/oyama/Documents/GitHub/CarND-Behavioral-Cloning-P3/data/IMG/left_2017_08_20_16_48_58_697.jpg,/Users/oyama/Documents/GitHub/CarND-Behavioral-Cloning-P3/data/IMG/right_2017_08_20_16_48_58_697.jpg,0,1,0,30.19032
/Users/oyama/Documents/GitHub/CarND-Behavioral-Cloning-P3/data/IMG/center_2017_08_20_16_48_58_790.jpg,/Users/oyama/Documents/GitHub/CarND-Behavioral-Cloning-P3/data/IMG/left_2017_08_20_16_48_58_790.jpg,/Users/oyama/Documents/GitHub/CarND-Behavioral-Cloning-P3/data/IMG/right_2017_08_20_16_48_58_790.jpg,0,1,0,30.1898
/Users/oyama/Documents/GitHub/CarND-Behavioral-Cloning-P3/data/IMG/center_2017_08_20_16_48_58_888.jpg,/Users/oyama/Documents/GitHub/CarND-Behavioral-Cloning-P3/data/IMG/left_2017_08_20_16_48_58_888.jpg,/Users/oyama/Documents/GitHub/CarND-Behavioral-Cloning-P3/data/IMG/right_2017_08_20_16_48_58_888.jpg,0,1,0,30.19029
/Users/oyama/Documents/GitHub/CarND-Behavioral-Cloning-P3/data/IMG/center_2017_08_20_16_48_58_965.jpg,/Users/oyama/Documents/GitHub/CarND-Behavioral-Cloning-P3/data/IMG/left_2017_08_20_16_48_58_965.jpg,/Users/oyama/Documents/GitHub/CarND-Behavioral-Cloning-P3/data/IMG/right_2017_08_20_16_48_58_965.jpg,0,1,0,30.19028
/Users/oyama/Documents/GitHub/CarND-Behavioral-Cloning-P3/data/IMG/center_2017_08_20_16_48_59_050.jpg,/Users/oyama/Documents/GitHub/CarND-Behavioral-Cloning-P3/data/IMG/left_2017_08_20_16_48_59_050.jpg,/Users/oyama/Documents/GitHub/CarND-Behavioral-Cloning-P3/data/IMG/right_2017_08_20_16_48_59_050.jpg,0,1,0,30.19032
/Users/oyama/Documents/GitHub/CarND-Behavioral-Cloning-P3/data/IMG/center_2017_08_20_16_48_59_136.jpg,/Users/oyama/Documents/GitHub/CarND-Behavioral-Cloning-P3/data/IMG/left_2017_08_20_16_48_59_136.jpg,/Users/oyama/Documents/GitHub/CarND-Behavioral-Cloning-P3/data/IMG/right_2017_08_20_16_48_59_136.jpg,0,1,0,30.19029
/Users/oyama/Documents/GitHub/CarND-Behavioral-Cloning-P3/data/IMG/center_2017_08_20_16_48_59_222.jpg,/Users/oyama/Documents/GitHub/CarND-Behavioral-Cloning-P3/data/IMG/left_2017_08_20_16_48_59_222.jpg,/Users/oyama/Documents/GitHub/CarND-Behavioral-Cloning-P3/data/IMG/right_2017_08_20_16_48_59_222.jpg,0,1,0,30.19029
/Users/oyama/Documents/GitHub/CarND-Behavioral-Cloning-P3/data/IMG/center_2017_08_20_16_48_59_308.jpg,/Users/oyama/Documents/GitHub/CarND-Behavioral-Cloning-P3/data/IMG/left_2017_08_20_16_48_59_308.jpg,/Users/oyama/Documents/GitHub/CarND-Behavioral-Cloning-P3/data/IMG/right_2017_08_20_16_48_59_308.jpg,0,1,0,30.19032
/Users/oyama/Documents/GitHub/CarND-Behavioral-Cloning-P3/data/IMG/center_2017_08_20_16_48_59_390.jpg,/Users/oyama/Documents/GitHub/CarND-Behavioral-Cloning-P3/data/IMG/left_2017_08_20_16_48_59_390.jpg,/Users/oyama/Documents/GitHub/CarND-Behavioral-Cloning-P3/data/IMG/right_2017_08_20_16_48_59_390.jpg,-0.03054511,1,0,30.19009
/Users/oyama/Documents/GitHub/CarND-Behavioral-Cloning-P3/data/IMG/center_2017_08_20_16_48_59_472.jpg,/Users/oyama/Documents/GitHub/CarND-Behavioral-Cloning-P3/data/IMG/left_2017_08_20_16_48_59_472.jpg,/Users/oyama/Documents/GitHub/CarND-Behavioral-Cloning-P3/data/IMG/right_2017_08_20_16_48_59_472.jpg,-0.06846217,1,0,30.18937
/Users/oyama/Documents/GitHub/CarND-Behavioral-Cloning-P3/data/IMG/center_2017_08_20_16_48_59_549.jpg,/Users/oyama/Documents/GitHub/CarND-Behavioral-Cloning-P3/data/IMG/left_2017_08_20_16_48_59_549.jpg,/Users/oyama/Documents/GitHub/CarND-Behavioral-Cloning-P3/data/IMG/right_2017_08_20_16_48_59_549.jpg,-0.08878641,1,0,30.18929
/Users/oyama/Documents/GitHub/CarND-Behavioral-Cloning-P3/data/IMG/center_2017_08_20_16_48_59_629.jpg,/Users/oyama/Documents/GitHub/CarND-Behavioral-Cloning-P3/data/IMG/left_2017_08_20_16_48_59_629.jpg,/Users/oyama/Documents/GitHub/CarND-Behavioral-Cloning-P3/data/IMG/right_2017_08_20_16_48_59_629.jpg,-0.09965344,1,0,30.18931
/Users/oyama/Documents/GitHub/CarND-Behavioral-Cloning-P3/data/IMG/center_2017_08_20_16_48_59_715.jpg,/Users/oyama/Documents/GitHub/CarND-Behavioral-Cloning-P3/data/IMG/left_2017_08_20_16_48_59_715.jpg,/Users/oyama/Documents/GitHub/CarND-Behavioral-Cloning-P3/data/IMG/right_2017_08_20_16_48_59_715.jpg,-0.1164239,1,0,30.18914
/Users/oyama/Documents/GitHub/CarND-Behavioral-Cloning-P3/data/IMG/center_2017_08_20_16_48_59_796.jpg,/Users/oyama/Documents/GitHub/CarND-Behavioral-Cloning-P3/data/IMG/left_2017_08_20_16_48_59_796.jpg,/Users/oyama/Documents/GitHub/CarND-Behavioral-Cloning-P3/data/IMG/right_2017_08_20_16_48_59_796.jpg,-0.1247944,1,0,30.1892
/Users/oyama/Documents/GitHub/CarND-Behavioral-Cloning-P3/data/IMG/center_2017_08_20_16_48_59_874.jpg,/Users/oyama/Documents/GitHub/CarND-Behavioral-Cloning-P3/data/IMG/left_2017_08_20_16_48_59_874.jpg,/Users/oyama/Documents/GitHub/CarND-Behavioral-Cloning-P3/data/IMG/right_2017_08_20_16_48_59_874.jpg,-0.1247944,1,0,30.18952
/Users/oyama/Documents/GitHub/CarND-Behavioral-Cloning-P3/data/IMG/center_2017_08_20_16_48_59_953.jpg,/Users/oyama/Documents/GitHub/CarND-Behavioral-Cloning-P3/data/IMG/left_2017_08_20_16_48_59_953.jpg,/Users/oyama/Documents/GitHub/CarND-Behavioral-Cloning-P3/data/IMG/right_2017_08_20_16_48_59_953.jpg,-0.1247944,1,0,30.18971
/Users/oyama/Documents/GitHub/CarND-Behavioral-Cloning-P3/data/IMG/center_2017_08_20_16_49_00_033.jpg,/Users/oyama/Documents/GitHub/CarND-Behavioral-Cloning-P3/data/IMG/left_2017_08_20_16_49_00_033.jpg,/Users/oyama/Documents/GitHub/CarND-Behavioral-Cloning-P3/data/IMG/right_2017_08_20_16_49_00_033.jpg,-0.1247944,1,0,30.18982
/Users/oyama/Documents/GitHub/CarND-Behavioral-Cloning-P3/data/IMG/center_2017_08_20_16_49_00_121.jpg,/Users/oyama/Documents/GitHub/CarND-Behavioral-Cloning-P3/data/IMG/left_2017_08_20_16_49_00_121.jpg,/Users/oyama/Documents/GitHub/CarND-Behavioral-Cloning-P3/data/IMG/right_2017_08_20_16_49_00_121.jpg,-0.1247944,1,0,30.18989
/Users/oyama/Documents/GitHub/CarND-Behavioral-Cloning-P3/data/IMG/center_2017_08_20_16_49_00_210.jpg,/Users/oyama/Documents/GitHub/CarND-Behavioral-Cloning-P3/data/IMG/left_2017_08_20_16_49_00_210.jpg,/Users/oyama/Documents/GitHub/CarND-Behavioral-Cloning-P3/data/IMG/right_2017_08_20_16_49_00_210.jpg,-0.1247944,1,0,30.18995
/Users/oyama/Documents/GitHub/CarND-Behavioral-Cloning-P3/data/IMG/center_2017_08_20_16_49_00_282.jpg,/Users/oyama/Documents/GitHub/CarND-Behavioral-Cloning-P3/data/IMG/left_2017_08_20_16_49_00_282.jpg,/Users/oyama/Documents/GitHub/CarND-Behavioral-Cloning-P3/data/IMG/right_2017_08_20_16_49_00_282.jpg,-0.1247944,1,0,30.18992
/Users/oyama/Documents/GitHub/CarND-Behavioral-Cloning-P3/data/IMG/center_2017_08_20_16_49_00_362.jpg,/Users/oyama/Documents/GitHub/CarND-Behavioral-Cloning-P3/data/IMG/left_2017_08_20_16_49_00_362.jpg,/Users/oyama/Documents/GitHub/CarND-Behavioral-Cloning-P3/data/IMG/right_2017_08_20_16_49_00_362.jpg,-0.1247944,1,0,30.18998
/Users/oyama/Documents/GitHub/CarND-Behavioral-Cloning-P3/data/IMG/center_2017_08_20_16_49_00_446.jpg,/Users/oyama/Documents/GitHub/CarND-Behavioral-Cloning-P3/data/IMG/left_2017_08_20_16_49_00_446.jpg,/Users/oyama/Documents/GitHub/CarND-Behavioral-Cloning-P3/data/IMG/right_2017_08_20_16_49_00_446.jpg,0,1,0,30.19003
/Users/oyama/Documents/GitHub/CarND-Behavioral-Cloning-P3/data/IMG/center_2017_08_20_16_49_00_522.jpg,/Users/oyama/Documents/GitHub/CarND-Behavioral-Cloning-P3/data/IMG/left_2017_08_20_16_49_00_522.jpg,/Users/oyama/Documents/GitHub/CarND-Behavioral-Cloning-P3/data/IMG/right_2017_08_20_16_49_00_522.jpg,0,1,0,30.19059
/Users/oyama/Documents/GitHub/CarND-Behavioral-Cloning-P3/data/IMG/center_2017_08_20_16_49_00_597.jpg,/Users/oyama/Documents/GitHub/CarND-Behavioral-Cloning-P3/data/IMG/left_2017_08_20_16_49_00_597.jpg,/Users/oyama/Documents/GitHub/CarND-Behavioral-Cloning-P3/data/IMG/right_2017_08_20_16_49_00_597.jpg,0,1,0,30.1903
/Users/oyama/Documents/GitHub/CarND-Behavioral-Cloning-P3/data/IMG/center_2017_08_20_16_49_00_671.jpg,/Users/oyama/Documents/GitHub/CarND-Behavioral-Cloning-P3/data/IMG/left_2017_08_20_16_49_00_671.jpg,/Users/oyama/Documents/GitHub/CarND-Behavioral-Cloning-P3/data/IMG/right_2017_08_20_16_49_00_671.jpg,0,1,0,30.19029
/Users/oyama/Documents/GitHub/CarND-Behavioral-Cloning-P3/data/IMG/center_2017_08_20_16_49_00_743.jpg,/Users/oyama/Documents/GitHub/CarND-Behavioral-Cloning-P3/data/IMG/left_2017_08_20_16_49_00_743.jpg,/Users/oyama/Documents/GitHub/CarND-Behavioral-Cloning-P3/data/IMG/right_2017_08_20_16_49_00_743.jpg,0,1,0,30.19042
/Users/oyama/Documents/GitHub/CarND-Behavioral-Cloning-P3/data/IMG/center_2017_08_20_16_49_00_813.jpg,/Users/oyama/Documents/GitHub/CarND-Behavioral-Cloning-P3/data/IMG/left_2017_08_20_16_49_00_813.jpg,/Users/oyama/Documents/GitHub/CarND-Behavioral-Cloning-P3/data/IMG/right_2017_08_20_16_49_00_813.jpg,0,1,0,30.19034
/Users/oyama/Documents/GitHub/CarND-Behavioral-Cloning-P3/data/IMG/center_2017_08_20_16_49_00_886.jpg,/Users/oyama/Documents/GitHub/CarND-Behavioral-Cloning-P3/data/IMG/left_2017_08_20_16_49_00_886.jpg,/Users/oyama/Documents/GitHub/CarND-Behavioral-Cloning-P3/data/IMG/right_2017_08_20_16_49_00_886.jpg,0,1,0,30.1903
/Users/oyama/Documents/GitHub/CarND-Behavioral-Cloning-P3/data/IMG/center_2017_08_20_16_49_00_955.jpg,/Users/oyama/Documents/GitHub/CarND-Behavioral-Cloning-P3/data/IMG/left_2017_08_20_16_49_00_955.jpg,/Users/oyama/Documents/GitHub/CarND-Behavioral-Cloning-P3/data/IMG/right_2017_08_20_16_49_00_955.jpg,0,1,0,30.19028
/Users/oyama/Documents/GitHub/CarND-Behavioral-Cloning-P3/data/IMG/center_2017_08_20_16_49_01_026.jpg,/Users/oyama/Documents/GitHub/CarND-Behavioral-Cloning-P3/data/IMG/left_2017_08_20_16_49_01_026.jpg,/Users/oyama/Documents/GitHub/CarND-Behavioral-Cloning-P3/data/IMG/right_2017_08_20_16_49_01_026.jpg,0,1,0,30.19029
/Users/oyama/Documents/GitHub/CarND-Behavioral-Cloning-P3/data/IMG/center_2017_08_20_16_49_01_097.jpg,/Users/oyama/Documents/GitHub/CarND-Behavioral-Cloning-P3/data/IMG/left_2017_08_20_16_49_01_097.jpg,/Users/oyama/Documents/GitHub/CarND-Behavioral-Cloning-P3/data/IMG/right_2017_08_20_16_49_01_097.jpg,0,1,0,30.1903
/Users/oyama/Documents/GitHub/CarND-Behavioral-Cloning-P3/data/IMG/center_2017_08_20_16_49_01_189.jpg,/Users/oyama/Documents/GitHub/CarND-Behavioral-Cloning-P3/data/IMG/left_2017_08_20_16_49_01_189.jpg,/Users/oyama/Documents/GitHub/CarND-Behavioral-Cloning-P3/data/IMG/right_2017_08_20_16_49_01_189.jpg,0,1,0,30.19032
/Users/oyama/Documents/GitHub/CarND-Behavioral-Cloning-P3/data/IMG/center_2017_08_20_16_49_01_258.jpg,/Users/oyama/Documents/GitHub/CarND-Behavioral-Cloning-P3/data/IMG/left_2017_08_20_16_49_01_258.jpg,/Users/oyama/Documents/GitHub/CarND-Behavioral-Cloning-P3/data/IMG/right_2017_08_20_16_49_01_258.jpg,0,1,0,30.1903
/Users/oyama/Documents/GitHub/CarND-Behavioral-Cloning-P3/data/IMG/center_2017_08_20_16_49_01_329.jpg,/Users/oyama/Documents/GitHub/CarND-Behavioral-Cloning-P3/data/IMG/left_2017_08_20_16_49_01_329.jpg,/Users/oyama/Documents/GitHub/CarND-Behavioral-Cloning-P3/data/IMG/right_2017_08_20_16_49_01_329.jpg,0,1,0,30.19028
/Users/oyama/Documents/GitHub/CarND-Behavioral-Cloning-P3/data/IMG/center_2017_08_20_16_49_01_398.jpg,/Users/oyama/Documents/GitHub/CarND-Behavioral-Cloning-P3/data/IMG/left_2017_08_20_16_49_01_398.jpg,/Users/oyama/Documents/GitHub/CarND-Behavioral-Cloning-P3/data/IMG/right_2017_08_20_16_49_01_398.jpg,-0.0004992951,1,0,30.19034
/Users/oyama/Documents/GitHub/CarND-Behavioral-Cloning-P3/data/IMG/center_2017_08_20_16_49_01_475.jpg,/Users/oyama/Documents/GitHub/CarND-Behavioral-Cloning-P3/data/IMG/left_2017_08_20_16_49_01_475.jpg,/Users/oyama/Documents/GitHub/CarND-Behavioral-Cloning-P3/data/IMG/right_2017_08_20_16_49_01_475.jpg,-0.02499413,1,0,30.19017
/Users/oyama/Documents/GitHub/CarND-Behavioral-Cloning-P3/data/IMG/center_2017_08_20_16_49_01_568.jpg,/Users/oyama/Documents/GitHub/CarND-Behavioral-Cloning-P3/data/IMG/left_2017_08_20_16_49_01_568.jpg,/Users/oyama/Documents/GitHub/CarND-Behavioral-Cloning-P3/data/IMG/right_2017_08_20_16_49_01_568.jpg,-0.03456884,1,0,30.19015
/Users/oyama/Documents/GitHub/CarND-Behavioral-Cloning-P3/data/IMG/center_2017_08_20_16_49_01_635.jpg,/Users/oyama/Documents/GitHub/CarND-Behavioral-Cloning-P3/data/IMG/left_2017_08_20_16_49_01_635.jpg,/Users/oyama/Documents/GitHub/CarND-Behavioral-Cloning-P3/data/IMG/right_2017_08_20_16_49_01_635.jpg,-0.0395618,1,0,30.19011
/Users/oyama/Documents/GitHub/CarND-Behavioral-Cloning-P3/data/IMG/center_2017_08_20_16_49_01_734.jpg,/Users/oyama/Documents/GitHub/CarND-Behavioral-Cloning-P3/data/IMG/left_2017_08_20_16_49_01_734.jpg,/Users/oyama/Documents/GitHub/CarND-Behavioral-Cloning-P3/data/IMG/right_2017_08_20_16_49_01_734.jpg,-0.05771264,1,0,30.18992
/Users/oyama/Documents/GitHub/CarND-Behavioral-Cloning-P3/data/IMG/center_2017_08_20_16_49_01_817.jpg,/Users/oyama/Documents/GitHub/CarND-Behavioral-Cloning-P3/data/IMG/left_2017_08_20_16_49_01_817.jpg,/Users/oyama/Documents/GitHub/CarND-Behavioral-Cloning-P3/data/IMG/right_2017_08_20_16_49_01_817.jpg,-0.06608318,1,0,30.18991
/Users/oyama/Documents/GitHub/CarND-Behavioral-Cloning-P3/data/IMG/center_2017_08_20_16_49_01_884.jpg,/Users/oyama/Documents/GitHub/CarND-Behavioral-Cloning-P3/data/IMG/left_2017_08_20_16_49_01_884.jpg,/Users/oyama/Documents/GitHub/CarND-Behavioral-Cloning-P3/data/IMG/right_2017_08_20_16_49_01_884.jpg,-0.06758106,1,0,30.19036
/Users/oyama/Documents/GitHub/CarND-Behavioral-Cloning-P3/data/IMG/center_2017_08_20_16_49_01_956.jpg,/Users/oyama/Documents/GitHub/CarND-Behavioral-Cloning-P3/data/IMG/left_2017_08_20_16_49_01_956.jpg,/Users/oyama/Documents/GitHub/CarND-Behavioral-Cloning-P3/data/IMG/right_2017_08_20_16_49_01_956.jpg,-0.06758106,1,0,30.18974
/Users/oyama/Documents/GitHub/CarND-Behavioral-Cloning-P3/data/IMG/center_2017_08_20_16_49_02_027.jpg,/Users/oyama/Documents/GitHub/CarND-Behavioral-Cloning-P3/data/IMG/left_2017_08_20_16_49_02_027.jpg,/Users/oyama/Documents/GitHub/CarND-Behavioral-Cloning-P3/data/IMG/right_2017_08_20_16_49_02_027.jpg,-0.06808036,1,0,30.1899
/Users/oyama/Documents/GitHub/CarND-Behavioral-Cloning-P3/data/IMG/center_2017_08_20_16_49_02_099.jpg,/Users/oyama/Documents/GitHub/CarND-Behavioral-Cloning-P3/data/IMG/left_2017_08_20_16_49_02_099.jpg,/Users/oyama/Documents/GitHub/CarND-Behavioral-Cloning-P3/data/IMG/right_2017_08_20_16_49_02_099.jpg,-0.06957825,1,0,30.19111
/Users/oyama/Documents/GitHub/CarND-Behavioral-Cloning-P3/data/IMG/center_2017_08_20_16_49_02_187.jpg,/Users/oyama/Documents/GitHub/CarND-Behavioral-Cloning-P3/data/IMG/left_2017_08_20_16_49_02_187.jpg,/Users/oyama/Documents/GitHub/CarND-Behavioral-Cloning-P3/data/IMG/right_2017_08_20_16_49_02_187.jpg,-0.06957825,1,0,30.18974
/Users/oyama/Documents/GitHub/CarND-Behavioral-Cloning-P3/data/IMG/center_2017_08_20_16_49_02_254.jpg,/Users/oyama/Documents/GitHub/CarND-Behavioral-Cloning-P3/data/IMG/left_2017_08_20_16_49_02_254.jpg,/Users/oyama/Documents/GitHub/CarND-Behavioral-Cloning-P3/data/IMG/right_2017_08_20_16_49_02_254.jpg,-0.07609845,1,0,30.18986
/Users/oyama/Documents/GitHub/CarND-Behavioral-Cloning-P3/data/IMG/center_2017_08_20_16_49_02_325.jpg,/Users/oyama/Documents/GitHub/CarND-Behavioral-Cloning-P3/data/IMG/left_2017_08_20_16_49_02_325.jpg,/Users/oyama/Documents/GitHub/CarND-Behavioral-Cloning-P3/data/IMG/right_2017_08_20_16_49_02_325.jpg,-0.09736255,1,0,30.18942
/Users/oyama/Documents/GitHub/CarND-Behavioral-Cloning-P3/data/IMG/center_2017_08_20_16_49_02_397.jpg,/Users/oyama/Documents/GitHub/CarND-Behavioral-Cloning-P3/data/IMG/left_2017_08_20_16_49_02_397.jpg,/Users/oyama/Documents/GitHub/CarND-Behavioral-Cloning-P3/data/IMG/right_2017_08_20_16_49_02_397.jpg,-0.09985902,1,0,30.18968
/Users/oyama/Documents/GitHub/CarND-Behavioral-Cloning-P3/data/IMG/center_2017_08_20_16_49_02_482.jpg,/Users/oyama/Documents/GitHub/CarND-Behavioral-Cloning-P3/data/IMG/left_2017_08_20_16_49_02_482.jpg,/Users/oyama/Documents/GitHub/CarND-Behavioral-Cloning-P3/data/IMG/right_2017_08_20_16_49_02_482.jpg,-0.09985902,1,0,30.18989
/Users/oyama/Documents/GitHub/CarND-Behavioral-Cloning-P3/data/IMG/center_2017_08_20_16_49_02_556.jpg,/Users/oyama/Documents/GitHub/CarND-Behavioral-Cloning-P3/data/IMG/left_2017_08_20_16_49_02_556.jpg,/Users/oyama/Documents/GitHub/CarND-Behavioral-Cloning-P3/data/IMG/right_2017_08_20_16_49_02_556.jpg,-0.09985902,1,0,30.19003
/Users/oyama/Documents/GitHub/CarND-Behavioral-Cloning-P3/data/IMG/center_2017_08_20_16_49_02_632.jpg,/Users/oyama/Documents/GitHub/CarND-Behavioral-Cloning-P3/data/IMG/left_2017_08_20_16_49_02_632.jpg,/Users/oyama/Documents/GitHub/CarND-Behavioral-Cloning-P3/data/IMG/right_2017_08_20_16_49_02_632.jpg,-0.09985902,1,0,30.18883
/Users/oyama/Documents/GitHub/CarND-Behavioral-Cloning-P3/data/IMG/center_2017_08_20_16_49_02_706.jpg,/Users/oyama/Documents/GitHub/CarND-Behavioral-Cloning-P3/data/IMG/left_2017_08_20_16_49_02_706.jpg,/Users/oyama/Documents/GitHub/CarND-Behavioral-Cloning-P3/data/IMG/right_2017_08_20_16_49_02_706.jpg,-0.09985902,1,0,30.18984
/Users/oyama/Documents/GitHub/CarND-Behavioral-Cloning-P3/data/IMG/center_2017_08_20_16_49_02_778.jpg,/Users/oyama/Documents/GitHub/CarND-Behavioral-Cloning-P3/data/IMG/left_2017_08_20_16_49_02_778.jpg,/Users/oyama/Documents/GitHub/CarND-Behavioral-Cloning-P3/data/IMG/right_2017_08_20_16_49_02_778.jpg,-0.09985902,1,0,30.19003
/Users/oyama/Documents/GitHub/CarND-Behavioral-Cloning-P3/data/IMG/center_2017_08_20_16_49_02_860.jpg,/Users/oyama/Documents/GitHub/CarND-Behavioral-Cloning-P3/data/IMG/left_2017_08_20_16_49_02_860.jpg,/Users/oyama/Documents/GitHub/CarND-Behavioral-Cloning-P3/data/IMG/right_2017_08_20_16_49_02_860.jpg,-0.09985902,1,0,30.18915
/Users/oyama/Documents/GitHub/CarND-Behavioral-Cloning-P3/data/IMG/center_2017_08_20_16_49_02_932.jpg,/Users/oyama/Documents/GitHub/CarND-Behavioral-Cloning-P3/data/IMG/left_2017_08_20_16_49_02_932.jpg,/Users/oyama/Documents/GitHub/CarND-Behavioral-Cloning-P3/data/IMG/right_2017_08_20_16_49_02_932.jpg,-0.09985902,1,0,30.18991
/Users/oyama/Documents/GitHub/CarND-Behavioral-Cloning-P3/data/IMG/center_2017_08_20_16_49_03_009.jpg,/Users/oyama/Documents/GitHub/CarND-Behavioral-Cloning-P3/data/IMG/left_2017_08_20_16_49_03_009.jpg,/Users/oyama/Documents/GitHub/CarND-Behavioral-Cloning-P3/data/IMG/right_2017_08_20_16_49_03_009.jpg,0,1,0,30.19005
/Users/oyama/Documents/GitHub/CarND-Behavioral-Cloning-P3/data/IMG/center_2017_08_20_16_49_03_094.jpg,/Users/oyama/Documents/GitHub/CarND-Behavioral-Cloning-P3/data/IMG/left_2017_08_20_16_49_03_094.jpg,/Users/oyama/Documents/GitHub/CarND-Behavioral-Cloning-P3/data/IMG/right_2017_08_20_16_49_03_094.jpg,0,1,0,30.19014
/Users/oyama/Documents/GitHub/CarND-Behavioral-Cloning-P3/data/IMG/center_2017_08_20_16_49_03_167.jpg,/Users/oyama/Documents/GitHub/CarND-Behavioral-Cloning-P3/data/IMG/left_2017_08_20_16_49_03_167.jpg,/Users/oyama/Documents/GitHub/CarND-Behavioral-Cloning-P3/data/IMG/right_2017_08_20_16_49_03_167.jpg,0,1,0,30.19026
/Users/oyama/Documents/GitHub/CarND-Behavioral-Cloning-P3/data/IMG/center_2017_08_20_16_49_03_236.jpg,/Users/oyama/Documents/GitHub/CarND-Behavioral-Cloning-P3/data/IMG/left_2017_08_20_16_49_03_236.jpg,/Users/oyama/Documents/GitHub/CarND-Behavioral-Cloning-P3/data/IMG/right_2017_08_20_16_49_03_236.jpg,0,1,0,30.19031
/Users/oyama/Documents/GitHub/CarND-Behavioral-Cloning-P3/data/IMG/center_2017_08_20_16_49_03_310.jpg,/Users/oyama/Documents/GitHub/CarND-Behavioral-Cloning-P3/data/IMG/left_2017_08_20_16_49_03_310.jpg,/Users/oyama/Documents/GitHub/CarND-Behavioral-Cloning-P3/data/IMG/right_2017_08_20_16_49_03_310.jpg,0,1,0,30.19031
/Users/oyama/Documents/GitHub/CarND-Behavioral-Cloning-P3/data/IMG/center_2017_08_20_16_49_03_379.jpg,/Users/oyama/Documents/GitHub/CarND-Behavioral-Cloning-P3/data/IMG/left_2017_08_20_16_49_03_379.jpg,/Users/oyama/Documents/GitHub/CarND-Behavioral-Cloning-P3/data/IMG/right_2017_08_20_16_49_03_379.jpg,0,1,0,30.19031
/Users/oyama/Documents/GitHub/CarND-Behavioral-Cloning-P3/data/IMG/center_2017_08_20_16_49_03_453.jpg,/Users/oyama/Documents/GitHub/CarND-Behavioral-Cloning-P3/data/IMG/left_2017_08_20_16_49_03_453.jpg,/Users/oyama/Documents/GitHub/CarND-Behavioral-Cloning-P3/data/IMG/right_2017_08_20_16_49_03_453.jpg,-0.02202773,1,0,30.19028
/Users/oyama/Documents/GitHub/CarND-Behavioral-Cloning-P3/data/IMG/center_2017_08_20_16_49_03_527.jpg,/Users/oyama/Documents/GitHub/CarND-Behavioral-Cloning-P3/data/IMG/left_2017_08_20_16_49_03_527.jpg,/Users/oyama/Documents/GitHub/CarND-Behavioral-Cloning-P3/data/IMG/right_2017_08_20_16_49_03_527.jpg,-0.045289,1,0,30.19001
/Users/oyama/Documents/GitHub/CarND-Behavioral-Cloning-P3/data/IMG/center_2017_08_20_16_49_03_599.jpg,/Users/oyama/Documents/GitHub/CarND-Behavioral-Cloning-P3/data/IMG/left_2017_08_20_16_49_03_599.jpg,/Users/oyama/Documents/GitHub/CarND-Behavioral-Cloning-P3/data/IMG/right_2017_08_20_16_49_03_599.jpg,-0.045289,1,0,30.19016
/Users/oyama/Documents/GitHub/CarND-Behavioral-Cloning-P3/data/IMG/center_2017_08_20_16_49_03_675.jpg,/Users/oyama/Documents/GitHub/CarND-Behavioral-Cloning-P3/data/IMG/left_2017_08_20_16_49_03_675.jpg,/Users/oyama/Documents/GitHub/CarND-Behavioral-Cloning-P3/data/IMG/right_2017_08_20_16_49_03_675.jpg,-0.045289,1,0,30.19026
/Users/oyama/Documents/GitHub/CarND-Behavioral-Cloning-P3/data/IMG/center_2017_08_20_16_49_03_749.jpg,/Users/oyama/Documents/GitHub/CarND-Behavioral-Cloning-P3/data/IMG/left_2017_08_20_16_49_03_749.jpg,/Users/oyama/Documents/GitHub/CarND-Behavioral-Cloning-P3/data/IMG/right_2017_08_20_16_49_03_749.jpg,-0.045289,1,0,30.18962
/Users/oyama/Documents/GitHub/CarND-Behavioral-Cloning-P3/data/IMG/center_2017_08_20_16_49_03_821.jpg,/Users/oyama/Documents/GitHub/CarND-Behavioral-Cloning-P3/data/IMG/left_2017_08_20_16_49_03_821.jpg,/Users/oyama/Documents/GitHub/CarND-Behavioral-Cloning-P3/data/IMG/right_2017_08_20_16_49_03_821.jpg,-0.045289,1,0,30.19003
/Users/oyama/Documents/GitHub/CarND-Behavioral-Cloning-P3/data/IMG/center_2017_08_20_16_49_03_895.jpg,/Users/oyama/Documents/GitHub/CarND-Behavioral-Cloning-P3/data/IMG/left_2017_08_20_16_49_03_895.jpg,/Users/oyama/Documents/GitHub/CarND-Behavioral-Cloning-P3/data/IMG/right_2017_08_20_16_49_03_895.jpg,-0.045289,1,0,30.19018
/Users/oyama/Documents/GitHub/CarND-Behavioral-Cloning-P3/data/IMG/center_2017_08_20_16_49_03_971.jpg,/Users/oyama/Documents/GitHub/CarND-Behavioral-Cloning-P3/data/IMG/left_2017_08_20_16_49_03_971.jpg,/Users/oyama/Documents/GitHub/CarND-Behavioral-Cloning-P3/data/IMG/right_2017_08_20_16_49_03_971.jpg,-0.045289,1,0,30.18941
/Users/oyama/Documents/GitHub/CarND-Behavioral-Cloning-P3/data/IMG/center_2017_08_20_16_49_04_042.jpg,/Users/oyama/Documents/GitHub/CarND-Behavioral-Cloning-P3/data/IMG/left_2017_08_20_16_49_04_042.jpg,/Users/oyama/Documents/GitHub/CarND-Behavioral-Cloning-P3/data/IMG/right_2017_08_20_16_49_04_042.jpg,-0.045289,1,0,30.18994
/Users/oyama/Documents/GitHub/CarND-Behavioral-Cloning-P3/data/IMG/center_2017_08_20_16_49_04_109.jpg,/Users/oyama/Documents/GitHub/CarND-Behavioral-Cloning-P3/data/IMG/left_2017_08_20_16_49_04_109.jpg,/Users/oyama/Documents/GitHub/CarND-Behavioral-Cloning-P3/data/IMG/right_2017_08_20_16_49_04_109.jpg,-0.045289,1,0,30.19015
/Users/oyama/Documents/GitHub/CarND-Behavioral-Cloning-P3/data/IMG/center_2017_08_20_16_49_04_178.jpg,/Users/oyama/Documents/GitHub/CarND-Behavioral-Cloning-P3/data/IMG/left_2017_08_20_16_49_04_178.jpg,/Users/oyama/Documents/GitHub/CarND-Behavioral-Cloning-P3/data/IMG/right_2017_08_20_16_49_04_178.jpg,-0.045289,1,0,30.19023
/Users/oyama/Documents/GitHub/CarND-Behavioral-Cloning-P3/data/IMG/center_2017_08_20_16_49_04_247.jpg,/Users/oyama/Documents/GitHub/CarND-Behavioral-Cloning-P3/data/IMG/left_2017_08_20_16_49_04_247.jpg,/Users/oyama/Documents/GitHub/CarND-Behavioral-Cloning-P3/data/IMG/right_2017_08_20_16_49_04_247.jpg,-0.045289,1,0,30.19024
/Users/oyama/Documents/GitHub/CarND-Behavioral-Cloning-P3/data/IMG/center_2017_08_20_16_49_04_316.jpg,/Users/oyama/Documents/GitHub/CarND-Behavioral-Cloning-P3/data/IMG/left_2017_08_20_16_49_04_316.jpg,/Users/oyama/Documents/GitHub/CarND-Behavioral-Cloning-P3/data/IMG/right_2017_08_20_16_49_04_316.jpg,-0.045289,1,0,30.19025
/Users/oyama/Documents/GitHub/CarND-Behavioral-Cloning-P3/data/IMG/center_2017_08_20_16_49_04_391.jpg,/Users/oyama/Documents/GitHub/CarND-Behavioral-Cloning-P3/data/IMG/left_2017_08_20_16_49_04_391.jpg,/Users/oyama/Documents/GitHub/CarND-Behavioral-Cloning-P3/data/IMG/right_2017_08_20_16_49_04_391.jpg,-0.045289,1,0,30.19029
/Users/oyama/Documents/GitHub/CarND-Behavioral-Cloning-P3/data/IMG/center_2017_08_20_16_49_04_471.jpg,/Users/oyama/Documents/GitHub/CarND-Behavioral-Cloning-P3/data/IMG/left_2017_08_20_16_49_04_471.jpg,/Users/oyama/Documents/GitHub/CarND-Behavioral-Cloning-P3/data/IMG/right_2017_08_20_16_49_04_471.jpg,-0.045289,1,0,30.19031
/Users/oyama/Documents/GitHub/CarND-Behavioral-Cloning-P3/data/IMG/center_2017_08_20_16_49_04_570.jpg,/Users/oyama/Documents/GitHub/CarND-Behavioral-Cloning-P3/data/IMG/left_2017_08_20_16_49_04_570.jpg,/Users/oyama/Documents/GitHub/CarND-Behavioral-Cloning-P3/data/IMG/right_2017_08_20_16_49_04_570.jpg,-0.045289,1,0,30.19035
/Users/oyama/Documents/GitHub/CarND-Behavioral-Cloning-P3/data/IMG/center_2017_08_20_16_49_04_668.jpg,/Users/oyama/Documents/GitHub/CarND-Behavioral-Cloning-P3/data/IMG/left_2017_08_20_16_49_04_668.jpg,/Users/oyama/Documents/GitHub/CarND-Behavioral-Cloning-P3/data/IMG/right_2017_08_20_16_49_04_668.jpg,-0.045289,1,0,30.1904
/Users/oyama/Documents/GitHub/CarND-Behavioral-Cloning-P3/data/IMG/center_2017_08_20_16_49_04_755.jpg,/Users/oyama/Documents/GitHub/CarND-Behavioral-Cloning-P3/data/IMG/left_2017_08_20_16_49_04_755.jpg,/Users/oyama/Documents/GitHub/CarND-Behavioral-Cloning-P3/data/IMG/right_2017_08_20_16_49_04_755.jpg,-0.045289,1,0,30.19042
/Users/oyama/Documents/GitHub/CarND-Behavioral-Cloning-P3/data/IMG/center_2017_08_20_16_49_04_852.jpg,/Users/oyama/Documents/GitHub/CarND-Behavioral-Cloning-P3/data/IMG/left_2017_08_20_16_49_04_852.jpg,/Users/oyama/Documents/GitHub/CarND-Behavioral-Cloning-P3/data/IMG/right_2017_08_20_16_49_04_852.jpg,-0.045289,1,0,30.19046
/Users/oyama/Documents/GitHub/CarND-Behavioral-Cloning-P3/data/IMG/center_2017_08_20_16_49_04_919.jpg,/Users/oyama/Documents/GitHub/CarND-Behavioral-Cloning-P3/data/IMG/left_2017_08_20_16_49_04_919.jpg,/Users/oyama/Documents/GitHub/CarND-Behavioral-Cloning-P3/data/IMG/right_2017_08_20_16_49_04_919.jpg,-0.045289,1,0,30.19148
/Users/oyama/Documents/GitHub/CarND-Behavioral-Cloning-P3/data/IMG/center_2017_08_20_16_49_05_000.jpg,/Users/oyama/Documents/GitHub/CarND-Behavioral-Cloning-P3/data/IMG/left_2017_08_20_16_49_05_000.jpg,/Users/oyama/Documents/GitHub/CarND-Behavioral-Cloning-P3/data/IMG/right_2017_08_20_16_49_05_000.jpg,-0.045289,1,0,30.19024
/Users/oyama/Documents/GitHub/CarND-Behavioral-Cloning-P3/data/IMG/center_2017_08_20_16_49_05_088.jpg,/Users/oyama/Documents/GitHub/CarND-Behavioral-Cloning-P3/data/IMG/left_2017_08_20_16_49_05_088.jpg,/Users/oyama/Documents/GitHub/CarND-Behavioral-Cloning-P3/data/IMG/right_2017_08_20_16_49_05_088.jpg,-0.045289,1,0,30.19037
/Users/oyama/Documents/GitHub/CarND-Behavioral-Cloning-P3/data/IMG/center_2017_08_20_16_49_05_157.jpg,/Users/oyama/Documents/GitHub/CarND-Behavioral-Cloning-P3/data/IMG/left_2017_08_20_16_49_05_157.jpg,/Users/oyama/Documents/GitHub/CarND-Behavioral-Cloning-P3/data/IMG/right_2017_08_20_16_49_05_157.jpg,-0.045289,1,0,30.18967
/Users/oyama/Documents/GitHub/CarND-Behavioral-Cloning-P3/data/IMG/center_2017_08_20_16_49_05_246.jpg,/Users/oyama/Documents/GitHub/CarND-Behavioral-Cloning-P3/data/IMG/left_2017_08_20_16_49_05_246.jpg,/Users/oyama/Documents/GitHub/CarND-Behavioral-Cloning-P3/data/IMG/right_2017_08_20_16_49_05_246.jpg,-0.045289,1,0,30.1902
/Users/oyama/Documents/GitHub/CarND-Behavioral-Cloning-P3/data/IMG/center_2017_08_20_16_49_05_327.jpg,/Users/oyama/Documents/GitHub/CarND-Behavioral-Cloning-P3/data/IMG/left_2017_08_20_16_49_05_327.jpg,/Users/oyama/Documents/GitHub/CarND-Behavioral-Cloning-P3/data/IMG/right_2017_08_20_16_49_05_327.jpg,-0.045289,1,0,30.19035
/Users/oyama/Documents/GitHub/CarND-Behavioral-Cloning-P3/data/IMG/center_2017_08_20_16_49_05_397.jpg,/Users/oyama/Documents/GitHub/CarND-Behavioral-Cloning-P3/data/IMG/left_2017_08_20_16_49_05_397.jpg,/Users/oyama/Documents/GitHub/CarND-Behavioral-Cloning-P3/data/IMG/right_2017_08_20_16_49_05_397.jpg,-0.045289,1,0,30.19034
/Users/oyama/Documents/GitHub/CarND-Behavioral-Cloning-P3/data/IMG/center_2017_08_20_16_49_05_467.jpg,/Users/oyama/Documents/GitHub/CarND-Behavioral-Cloning-P3/data/IMG/left_2017_08_20_16_49_05_467.jpg,/Users/oyama/Documents/GitHub/CarND-Behavioral-Cloning-P3/data/IMG/right_2017_08_20_16_49_05_467.jpg,-0.045289,1,0,30.19038
/Users/oyama/Documents/GitHub/CarND-Behavioral-Cloning-P3/data/IMG/center_2017_08_20_16_49_05_547.jpg,/Users/oyama/Documents/GitHub/CarND-Behavioral-Cloning-P3/data/IMG/left_2017_08_20_16_49_05_547.jpg,/Users/oyama/Documents/GitHub/CarND-Behavioral-Cloning-P3/data/IMG/right_2017_08_20_16_49_05_547.jpg,-0.045289,1,0,30.19044
/Users/oyama/Documents/GitHub/CarND-Behavioral-Cloning-P3/data/IMG/center_2017_08_20_16_49_05_614.jpg,/Users/oyama/Documents/GitHub/CarND-Behavioral-Cloning-P3/data/IMG/left_2017_08_20_16_49_05_614.jpg,/Users/oyama/Documents/GitHub/CarND-Behavioral-Cloning-P3/data/IMG/right_2017_08_20_16_49_05_614.jpg,-0.045289,1,0,30.1904
/Users/oyama/Documents/GitHub/CarND-Behavioral-Cloning-P3/data/IMG/center_2017_08_20_16_49_05_681.jpg,/Users/oyama/Documents/GitHub/CarND-Behavioral-Cloning-P3/data/IMG/left_2017_08_20_16_49_05_681.jpg,/Users/oyama/Documents/GitHub/CarND-Behavioral-Cloning-P3/data/IMG/right_2017_08_20_16_49_05_681.jpg,0,1,0,30.19026
/Users/oyama/Documents/GitHub/CarND-Behavioral-Cloning-P3/data/IMG/center_2017_08_20_16_49_05_762.jpg,/Users/oyama/Documents/GitHub/CarND-Behavioral-Cloning-P3/data/IMG/left_2017_08_20_16_49_05_762.jpg,/Users/oyama/Documents/GitHub/CarND-Behavioral-Cloning-P3/data/IMG/right_2017_08_20_16_49_05_762.jpg,0,1,0,30.19043
/Users/oyama/Documents/GitHub/CarND-Behavioral-Cloning-P3/data/IMG/center_2017_08_20_16_49_05_841.jpg,/Users/oyama/Documents/GitHub/CarND-Behavioral-Cloning-P3/data/IMG/left_2017_08_20_16_49_05_841.jpg,/Users/oyama/Documents/GitHub/CarND-Behavioral-Cloning-P3/data/IMG/right_2017_08_20_16_49_05_841.jpg,0,1,0,30.19045
/Users/oyama/Documents/GitHub/CarND-Behavioral-Cloning-P3/data/IMG/center_2017_08_20_16_49_05_923.jpg,/Users/oyama/Documents/GitHub/CarND-Behavioral-Cloning-P3/data/IMG/left_2017_08_20_16_49_05_923.jpg,/Users/oyama/Documents/GitHub/CarND-Behavioral-Cloning-P3/data/IMG/right_2017_08_20_16_49_05_923.jpg,0,1,0,30.19048
/Users/oyama/Documents/GitHub/CarND-Behavioral-Cloning-P3/data/IMG/center_2017_08_20_16_49_06_009.jpg,/Users/oyama/Documents/GitHub/CarND-Behavioral-Cloning-P3/data/IMG/left_2017_08_20_16_49_06_009.jpg,/Users/oyama/Documents/GitHub/CarND-Behavioral-Cloning-P3/data/IMG/right_2017_08_20_16_49_06_009.jpg,0,0.939241,0,30.19048
/Users/oyama/Documents/GitHub/CarND-Behavioral-Cloning-P3/data/IMG/center_2017_08_20_16_49_06_076.jpg,/Users/oyama/Documents/GitHub/CarND-Behavioral-Cloning-P3/data/IMG/left_2017_08_20_16_49_06_076.jpg,/Users/oyama/Documents/GitHub/CarND-Behavioral-Cloning-P3/data/IMG/right_2017_08_20_16_49_06_076.jpg,0,0.738667,0,30.1351
/Users/oyama/Documents/GitHub/CarND-Behavioral-Cloning-P3/data/IMG/center_2017_08_20_16_49_06_154.jpg,/Users/oyama/Documents/GitHub/CarND-Behavioral-Cloning-P3/data/IMG/left_2017_08_20_16_49_06_154.jpg,/Users/oyama/Documents/GitHub/CarND-Behavioral-Cloning-P3/data/IMG/right_2017_08_20_16_49_06_154.jpg,0,0.5028039,0,30.07286
/Users/oyama/Documents/GitHub/CarND-Behavioral-Cloning-P3/data/IMG/center_2017_08_20_16_49_06_232.jpg,/Users/oyama/Documents/GitHub/CarND-Behavioral-Cloning-P3/data/IMG/left_2017_08_20_16_49_06_232.jpg,/Users/oyama/Documents/GitHub/CarND-Behavioral-Cloning-P3/data/IMG/right_2017_08_20_16_49_06_232.jpg,0,0.2697999,0,30.01644
/Users/oyama/Documents/GitHub/CarND-Behavioral-Cloning-P3/data/IMG/center_2017_08_20_16_49_06_301.jpg,/Users/oyama/Documents/GitHub/CarND-Behavioral-Cloning-P3/data/IMG/left_2017_08_20_16_49_06_301.jpg,/Users/oyama/Documents/GitHub/CarND-Behavioral-Cloning-P3/data/IMG/right_2017_08_20_16_49_06_301.jpg,0,0.06376296,0,29.94549
/Users/oyama/Documents/GitHub/CarND-Behavioral-Cloning-P3/data/IMG/center_2017_08_20_16_49_06_391.jpg,/Users/oyama/Documents/GitHub/CarND-Behavioral-Cloning-P3/data/IMG/left_2017_08_20_16_49_06_391.jpg,/Users/oyama/Documents/GitHub/CarND-Behavioral-Cloning-P3/data/IMG/right_2017_08_20_16_49_06_391.jpg,0,0,0,29.65366
/Users/oyama/Documents/GitHub/CarND-Behavioral-Cloning-P3/data/IMG/center_2017_08_20_16_49_06_470.jpg,/Users/oyama/Documents/GitHub/CarND-Behavioral-Cloning-P3/data/IMG/left_2017_08_20_16_49_06_470.jpg,/Users/oyama/Documents/GitHub/CarND-Behavioral-Cloning-P3/data/IMG/right_2017_08_20_16_49_06_470.jpg,0,0,0,29.41488
/Users/oyama/Documents/GitHub/CarND-Behavioral-Cloning-P3/data/IMG/center_2017_08_20_16_49_06_551.jpg,/Users/oyama/Documents/GitHub/CarND-Behavioral-Cloning-P3/data/IMG/left_2017_08_20_16_49_06_551.jpg,/Users/oyama/Documents/GitHub/CarND-Behavioral-Cloning-P3/data/IMG/right_2017_08_20_16_49_06_551.jpg,0,0,0,29.17807
/Users/oyama/Documents/GitHub/CarND-Behavioral-Cloning-P3/data/IMG/center_2017_08_20_16_49_06_632.jpg,/Users/oyama/Documents/GitHub/CarND-Behavioral-Cloning-P3/data/IMG/left_2017_08_20_16_49_06_632.jpg,/Users/oyama/Documents/GitHub/CarND-Behavioral-Cloning-P3/data/IMG/right_2017_08_20_16_49_06_632.jpg,0,0,0,28.94316
/Users/oyama/Documents/GitHub/CarND-Behavioral-Cloning-P3/data/IMG/center_2017_08_20_16_49_06_719.jpg,/Users/oyama/Documents/GitHub/CarND-Behavioral-Cloning-P3/data/IMG/left_2017_08_20_16_49_06_719.jpg,/Users/oyama/Documents/GitHub/CarND-Behavioral-Cloning-P3/data/IMG/right_2017_08_20_16_49_06_719.jpg,0,0,0,28.71013
/Users/oyama/Documents/GitHub/CarND-Behavioral-Cloning-P3/data/IMG/center_2017_08_20_16_49_06_803.jpg,/Users/oyama/Documents/GitHub/CarND-Behavioral-Cloning-P3/data/IMG/left_2017_08_20_16_49_06_803.jpg,/Users/oyama/Documents/GitHub/CarND-Behavioral-Cloning-P3/data/IMG/right_2017_08_20_16_49_06_803.jpg,0,0,0,28.47898
/Users/oyama/Documents/GitHub/CarND-Behavioral-Cloning-P3/data/IMG/center_2017_08_20_16_49_06_888.jpg,/Users/oyama/Documents/GitHub/CarND-Behavioral-Cloning-P3/data/IMG/left_2017_08_20_16_49_06_888.jpg,/Users/oyama/Documents/GitHub/CarND-Behavioral-Cloning-P3/data/IMG/right_2017_08_20_16_49_06_888.jpg,0,0,0,28.19266
/Users/oyama/Documents/GitHub/CarND-Behavioral-Cloning-P3/data/IMG/center_2017_08_20_16_49_06_963.jpg,/Users/oyama/Documents/GitHub/CarND-Behavioral-Cloning-P3/data/IMG/left_2017_08_20_16_49_06_963.jpg,/Users/oyama/Documents/GitHub/CarND-Behavioral-Cloning-P3/data/IMG/right_2017_08_20_16_49_06_963.jpg,0,0,0,28.02225
